hMy_Propert,Propery Code,hMyPerson_Vendor,Appraiser Vendor ID,Appraiser Name,Valuation Date,Valuation Type Code,Valuation Type,Property Valuation
1291,"nikedeal",25506,"v0001305    ","JLL Valuation & Advisory Services, LL","2022-09-30 00:00:00",0,"External",67400000
1291,"nikedeal",36968,"FV0012      ","JLL Valuation & Advisory Services, LLC (FRG-X)","2023-09-30 00:00:00",0,"External",60300000
1372,"xtndelp1",26192,"v0001314    ","Colliers International Valuation & Advisory Services","2021-12-31 00:00:00",0,"External",7096538
1372,"xtndelp1",25506,"v0001305    ","JLL Valuation & Advisory Services, LL","2022-12-31 00:00:00",0,"External",7100000
1378,"xtxwebbl",25506,"v0001305    ","JLL Valuation & Advisory Services, LL","2022-12-31 00:00:00",0,"External",2300000
1378,"xtxwebbl",26192,"v0001314    ","Colliers International Valuation & Advisory Services","2021-12-31 00:00:00",0,"External",2050000
1379,"xflstuar",26192,"v0001314    ","Colliers International Valuation & Advisory Services","2021-12-31 00:00:00",0,"External",1580000
1379,"xflstuar",25506,"v0001305    ","JLL Valuation & Advisory Services, LL","2022-12-31 00:00:00",0,"External",1810000
1383,"xohmost ",26192,"v0001314    ","Colliers International Valuation & Advisory Services","2021-12-31 00:00:00",0,"External",10700000
1383,"xohmost ",25506,"v0001305    ","JLL Valuation & Advisory Services, LL","2022-09-30 00:00:00",0,"External",17000000
1383,"xohmost ",25506,"v0001305    ","JLL Valuation & Advisory Services, LL","2023-03-31 00:00:00",0,"External",16200000
1383,"xohmost ",36968,"FV0012      ","JLL Valuation & Advisory Services, LLC (FRG-X)","2024-03-31 00:00:00",0,"External",18000000
1387,"xnj3001i",25506,"v0001305    ","JLL Valuation & Advisory Services, LL","2023-06-30 00:00:00",0,"External",11200000
1387,"xnj3001i",26192,"v0001314    ","Colliers International Valuation & Advisory Services","2021-12-31 00:00:00",0,"External",8012784
1387,"xnj3001i",25506,"v0001305    ","JLL Valuation & Advisory Services, LL","2022-12-31 00:00:00",0,"External",10200000
1388,"xnj2036b",25506,"v0001305    ","JLL Valuation & Advisory Services, LL","2022-12-31 00:00:00",0,"External",5300000
1388,"xnj2036b",26192,"v0001314    ","Colliers International Valuation & Advisory Services","2021-12-31 00:00:00",0,"External",4130148
1389,"xnj6000i",26192,"v0001314    ","Colliers International Valuation & Advisory Services","2021-12-31 00:00:00",0,"External",5917068
1389,"xnj6000i",25506,"v0001305    ","JLL Valuation & Advisory Services, LL","2022-12-31 00:00:00",0,"External",5500000
1390,"xtxball ",25506,"v0001305    ","JLL Valuation & Advisory Services, LL","2022-12-31 00:00:00",0,"External",4100000
1390,"xtxball ",26192,"v0001314    ","Colliers International Valuation & Advisory Services","2021-12-31 00:00:00",0,"External",3825000
1390,"xtxball ",25506,"v0001305    ","JLL Valuation & Advisory Services, LL","2023-06-30 00:00:00",0,"External",5000000
1391,"xgahire1",26192,"v0001314    ","Colliers International Valuation & Advisory Services","2021-12-31 00:00:00",0,"External",3878218
1391,"xgahire1",25506,"v0001305    ","JLL Valuation & Advisory Services, LL","2022-12-31 00:00:00",0,"External",4400000
1392,"xgahire2",25506,"v0001305    ","JLL Valuation & Advisory Services, LL","2022-12-31 00:00:00",0,"External",3000000
1392,"xgahire2",26192,"v0001314    ","Colliers International Valuation & Advisory Services","2021-12-31 00:00:00",0,"External",2767581
1393,"xgahire3",26192,"v0001314    ","Colliers International Valuation & Advisory Services","2021-12-31 00:00:00",0,"External",3840942
1393,"xgahire3",25506,"v0001305    ","JLL Valuation & Advisory Services, LL","2022-12-31 00:00:00",0,"External",4100000
1394,"xgahire4",25506,"v0001305    ","JLL Valuation & Advisory Services, LL","2022-12-31 00:00:00",0,"External",3500000
1394,"xgahire4",26192,"v0001314    ","Colliers International Valuation & Advisory Services","2021-12-31 00:00:00",0,"External",3237298
1395,"xgahire5",26192,"v0001314    ","Colliers International Valuation & Advisory Services","2021-12-31 00:00:00",0,"External",3678947
1395,"xgahire5",25506,"v0001305    ","JLL Valuation & Advisory Services, LL","2022-12-31 00:00:00",0,"External",3900000
1396,"xgahire6",25506,"v0001305    ","JLL Valuation & Advisory Services, LL","2022-12-31 00:00:00",0,"External",1700000
1396,"xgahire6",26192,"v0001314    ","Colliers International Valuation & Advisory Services","2021-12-31 00:00:00",0,"External",1531472
1397,"xgahire7",26192,"v0001314    ","Colliers International Valuation & Advisory Services","2021-12-31 00:00:00",0,"External",2520543
1397,"xgahire7",25506,"v0001305    ","JLL Valuation & Advisory Services, LL","2022-12-31 00:00:00",0,"External",2800000
1398,"xgahire8",25506,"v0001305    ","JLL Valuation & Advisory Services, LL","2022-12-31 00:00:00",0,"External",2000000
1398,"xgahire8",26192,"v0001314    ","Colliers International Valuation & Advisory Services","2021-12-31 00:00:00",0,"External",1844998
1584,"xnjmway3",26192,"v0001314    ","Colliers International Valuation & Advisory Services","2021-12-31 00:00:00",0,"External",5060552
1584,"xnjmway3",25506,"v0001305    ","JLL Valuation & Advisory Services, LL","2022-12-31 00:00:00",0,"External",5100000
1585,"xnjmway5",25506,"v0001305    ","JLL Valuation & Advisory Services, LL","2022-12-31 00:00:00",0,"External",5100000
1585,"xnjmway5",26192,"v0001314    ","Colliers International Valuation & Advisory Services","2021-12-31 00:00:00",0,"External",3713106
1586,"xnjmway7",26192,"v0001314    ","Colliers International Valuation & Advisory Services","2021-12-31 00:00:00",0,"External",4144412
1586,"xnjmway7",25506,"v0001305    ","JLL Valuation & Advisory Services, LL","2022-12-31 00:00:00",0,"External",4900000
1587,"xnjmway9",25506,"v0001305    ","JLL Valuation & Advisory Services, LL","2022-12-31 00:00:00",0,"External",5000000
1587,"xnjmway9",26192,"v0001314    ","Colliers International Valuation & Advisory Services","2021-12-31 00:00:00",0,"External",4331931
1590,"xgashaw1",26192,"v0001314    ","Colliers International Valuation & Advisory Services","2021-12-31 00:00:00",0,"External",1500000
1590,"xgashaw1",25506,"v0001305    ","JLL Valuation & Advisory Services, LL","2022-12-31 00:00:00",0,"External",1700000
1590,"xgashaw1",25506,"v0001305    ","JLL Valuation & Advisory Services, LL","2023-06-30 00:00:00",0,"External",1700000
1591,"xgashaw2",25506,"v0001305    ","JLL Valuation & Advisory Services, LL","2023-06-30 00:00:00",0,"External",1200000
1591,"xgashaw2",25506,"v0001305    ","JLL Valuation & Advisory Services, LL","2022-12-31 00:00:00",0,"External",1200000
1591,"xgashaw2",26192,"v0001314    ","Colliers International Valuation & Advisory Services","2021-12-31 00:00:00",0,"External",1310686
1592,"xgashaw3",26192,"v0001314    ","Colliers International Valuation & Advisory Services","2021-12-31 00:00:00",0,"External",2939314
1592,"xgashaw3",25506,"v0001305    ","JLL Valuation & Advisory Services, LL","2022-12-31 00:00:00",0,"External",3000000
1592,"xgashaw3",25506,"v0001305    ","JLL Valuation & Advisory Services, LL","2023-06-30 00:00:00",0,"External",3000000
1593,"xgashaw4",25506,"v0001305    ","JLL Valuation & Advisory Services, LL","2023-06-30 00:00:00",0,"External",2300000
1593,"xgashaw4",25506,"v0001305    ","JLL Valuation & Advisory Services, LL","2022-12-31 00:00:00",0,"External",2400000
1593,"xgashaw4",26192,"v0001314    ","Colliers International Valuation & Advisory Services","2021-12-31 00:00:00",0,"External",2026019
1594,"xgashaw5",26192,"v0001314    ","Colliers International Valuation & Advisory Services","2021-12-31 00:00:00",0,"External",1696957
1594,"xgashaw5",25506,"v0001305    ","JLL Valuation & Advisory Services, LL","2022-12-31 00:00:00",0,"External",1900000
1594,"xgashaw5",25506,"v0001305    ","JLL Valuation & Advisory Services, LL","2023-06-30 00:00:00",0,"External",1900000
1595,"xgashaw6",25506,"v0001305    ","JLL Valuation & Advisory Services, LL","2023-06-30 00:00:00",0,"External",1200000
1595,"xgashaw6",25506,"v0001305    ","JLL Valuation & Advisory Services, LL","2022-12-31 00:00:00",0,"External",1200000
1595,"xgashaw6",26192,"v0001314    ","Colliers International Valuation & Advisory Services","2021-12-31 00:00:00",0,"External",1077024
1598,"xtxglen ",26192,"v0001314    ","Colliers International Valuation & Advisory Services","2021-12-31 00:00:00",0,"External",6400000
1598,"xtxglen ",25506,"v0001305    ","JLL Valuation & Advisory Services, LL","2022-12-31 00:00:00",0,"External",7200000
1599,"xnjmorri",25506,"v0001305    ","JLL Valuation & Advisory Services, LL","2022-12-31 00:00:00",0,"External",4300000
1599,"xnjmorri",26192,"v0001314    ","Colliers International Valuation & Advisory Services","2021-12-31 00:00:00",0,"External",2150000
1599,"xnjmorri",25506,"v0001305    ","JLL Valuation & Advisory Services, LL","2023-06-30 00:00:00",0,"External",4700000
1639,"xtxdrysd",26192,"v0001314    ","Colliers International Valuation & Advisory Services","2021-12-31 00:00:00",0,"External",3080000
1639,"xtxdrysd",25506,"v0001305    ","JLL Valuation & Advisory Services, LL","2022-12-31 00:00:00",0,"External",3400000
1640,"xgamc200",26192,"v0001314    ","Colliers International Valuation & Advisory Services","2021-12-31 00:00:00",0,"External",3363971
1641,"xgamc220",26192,"v0001314    ","Colliers International Valuation & Advisory Services","2021-12-31 00:00:00",0,"External",3662735
1641,"xgamc220",25506,"v0001305    ","JLL Valuation & Advisory Services, LL","2022-12-31 00:00:00",0,"External",3900000
1642,"xgamc255",25506,"v0001305    ","JLL Valuation & Advisory Services, LL","2022-12-31 00:00:00",0,"External",4700000
1642,"xgamc255",26192,"v0001314    ","Colliers International Valuation & Advisory Services","2021-12-31 00:00:00",0,"External",4032912
1643,"xgamc260",26192,"v0001314    ","Colliers International Valuation & Advisory Services","2021-12-31 00:00:00",0,"External",1640382
1643,"xgamc260",25506,"v0001305    ","JLL Valuation & Advisory Services, LL","2022-12-31 00:00:00",0,"External",1600000
1645,"xilmitch",25506,"v0001305    ","JLL Valuation & Advisory Services, LL","2022-12-31 00:00:00",0,"External",3200000
1645,"xilmitch",26192,"v0001314    ","Colliers International Valuation & Advisory Services","2021-12-31 00:00:00",0,"External",2970000
1652,"xtxmorto",26192,"v0001314    ","Colliers International Valuation & Advisory Services","2021-12-31 00:00:00",0,"External",14300000
1652,"xtxmorto",25506,"v0001305    ","JLL Valuation & Advisory Services, LL","2022-12-31 00:00:00",0,"External",16200000
1653,"xtxritti",25506,"v0001305    ","JLL Valuation & Advisory Services, LL","2022-12-31 00:00:00",0,"External",8900000
1653,"xtxritti",26192,"v0001314    ","Colliers International Valuation & Advisory Services","2021-12-31 00:00:00",0,"External",8300000
1654,"xohcomme",26192,"v0001314    ","Colliers International Valuation & Advisory Services","2021-12-31 00:00:00",0,"External",3670000
1654,"xohcomme",25506,"v0001305    ","JLL Valuation & Advisory Services, LL","2022-12-31 00:00:00",0,"External",4800000
1655,"xnjcentr",25506,"v0001305    ","JLL Valuation & Advisory Services, LL","2022-12-31 00:00:00",0,"External",3300000
1655,"xnjcentr",26192,"v0001314    ","Colliers International Valuation & Advisory Services","2021-12-31 00:00:00",0,"External",1500000
1655,"xnjcentr",25506,"v0001305    ","JLL Valuation & Advisory Services, LL","2023-06-30 00:00:00",0,"External",3500000
1656,"xpastate",26192,"v0001314    ","Colliers International Valuation & Advisory Services","2021-12-31 00:00:00",0,"External",2800000
1656,"xpastate",25506,"v0001305    ","JLL Valuation & Advisory Services, LL","2022-12-31 00:00:00",0,"External",2800000
1657,"xilmount",25506,"v0001305    ","JLL Valuation & Advisory Services, LL","2022-12-31 00:00:00",0,"External",5500000
1657,"xilmount",26192,"v0001314    ","Colliers International Valuation & Advisory Services","2021-12-31 00:00:00",0,"External",5200000
1658,"xtn225bo",26192,"v0001314    ","Colliers International Valuation & Advisory Services","2021-12-31 00:00:00",0,"External",3467217
1658,"xtn225bo",25506,"v0001305    ","JLL Valuation & Advisory Services, LL","2022-12-31 00:00:00",0,"External",4600000
1658,"xtn225bo",25506,"v0001305    ","JLL Valuation & Advisory Services, LL","2023-06-30 00:00:00",0,"External",4900000
1659,"xil1601 ",25506,"v0001305    ","JLL Valuation & Advisory Services, LL","2022-12-31 00:00:00",0,"External",6200000
1659,"xil1601 ",26192,"v0001314    ","Colliers International Valuation & Advisory Services","2021-12-31 00:00:00",0,"External",5480000
1660,"xil747  ",26192,"v0001314    ","Colliers International Valuation & Advisory Services","2021-12-31 00:00:00",0,"External",9260000
1660,"xil747  ",25506,"v0001305    ","JLL Valuation & Advisory Services, LL","2022-12-31 00:00:00",0,"External",10500000
1661,"xil1688 ",25506,"v0001305    ","JLL Valuation & Advisory Services, LL","2022-12-31 00:00:00",0,"External",7900000
1661,"xil1688 ",26192,"v0001314    ","Colliers International Valuation & Advisory Services","2021-12-31 00:00:00",0,"External",7630000
1662,"xil305e ",26192,"v0001314    ","Colliers International Valuation & Advisory Services","2021-12-31 00:00:00",0,"External",4530000
1662,"xil305e ",25506,"v0001305    ","JLL Valuation & Advisory Services, LL","2022-12-31 00:00:00",0,"External",5000000
1663,"xil1600 ",25506,"v0001305    ","JLL Valuation & Advisory Services, LL","2022-12-31 00:00:00",0,"External",28300000
1663,"xil1600 ",26192,"v0001314    ","Colliers International Valuation & Advisory Services","2021-12-31 00:00:00",0,"External",26000000
1663,"xil1600 ",25506,"v0001305    ","JLL Valuation & Advisory Services, LL","2023-06-30 00:00:00",0,"External",28400000
1664,"xil1terr",36968,"FV0012      ","JLL Valuation & Advisory Services, LLC (FRG-X)","2023-09-30 00:00:00",0,"External",7200000
1664,"xil1terr",26192,"v0001314    ","Colliers International Valuation & Advisory Services","2021-12-31 00:00:00",0,"External",6100000
1664,"xil1terr",25506,"v0001305    ","JLL Valuation & Advisory Services, LL","2022-09-30 00:00:00",0,"External",7300000
1665,"xil1111 ",26192,"v0001314    ","Colliers International Valuation & Advisory Services","2021-12-31 00:00:00",0,"External",14800000
1665,"xil1111 ",25506,"v0001305    ","JLL Valuation & Advisory Services, LL","2022-12-31 00:00:00",0,"External",14600000
1665,"xil1111 ",25506,"v0001305    ","JLL Valuation & Advisory Services, LL","2023-06-30 00:00:00",0,"External",14600000
1666,"xtn187bo",25506,"v0001305    ","JLL Valuation & Advisory Services, LL","2023-06-30 00:00:00",0,"External",5700000
1666,"xtn187bo",25506,"v0001305    ","JLL Valuation & Advisory Services, LL","2022-12-31 00:00:00",0,"External",5500000
1666,"xtn187bo",26192,"v0001314    ","Colliers International Valuation & Advisory Services","2021-12-31 00:00:00",0,"External",4142783
1667,"xpa1peae",26192,"v0001314    ","Colliers International Valuation & Advisory Services","2021-12-31 00:00:00",0,"External",3090000
1667,"xpa1peae",25506,"v0001305    ","JLL Valuation & Advisory Services, LL","2022-12-31 00:00:00",0,"External",3100000
1668,"xnj7550 ",25506,"v0001305    ","JLL Valuation & Advisory Services, LL","2022-12-31 00:00:00",0,"External",2400000
1668,"xnj7550 ",26192,"v0001314    ","Colliers International Valuation & Advisory Services","2021-12-31 00:00:00",0,"External",1950000
1670,"xga130j ",26192,"v0001314    ","Colliers International Valuation & Advisory Services","2021-12-31 00:00:00",0,"External",1840000
1670,"xga130j ",25506,"v0001305    ","JLL Valuation & Advisory Services, LL","2022-12-31 00:00:00",0,"External",2700000
1670,"xga130j ",25506,"v0001305    ","JLL Valuation & Advisory Services, LL","2023-06-30 00:00:00",0,"External",2700000
1673,"xnj900k ",25506,"v0001305    ","JLL Valuation & Advisory Services, LL","2022-12-31 00:00:00",0,"External",4600000
1673,"xnj900k ",26192,"v0001314    ","Colliers International Valuation & Advisory Services","2021-12-31 00:00:00",0,"External",4750000
1674,"xnj6965 ",26192,"v0001314    ","Colliers International Valuation & Advisory Services","2021-12-31 00:00:00",0,"External",11500000
1674,"xnj6965 ",25506,"v0001305    ","JLL Valuation & Advisory Services, LL","2022-12-31 00:00:00",0,"External",11600000
1675,"xnj440be",25506,"v0001305    ","JLL Valuation & Advisory Services, LL","2022-12-31 00:00:00",0,"External",5200000
1675,"xnj440be",26192,"v0001314    ","Colliers International Valuation & Advisory Services","2021-12-31 00:00:00",0,"External",4234538
1676,"xnj420be",26192,"v0001314    ","Colliers International Valuation & Advisory Services","2021-12-31 00:00:00",0,"External",5265462
1676,"xnj420be",25506,"v0001305    ","JLL Valuation & Advisory Services, LL","2022-12-31 00:00:00",0,"External",6400000
1677,"xnj313c ",25506,"v0001305    ","JLL Valuation & Advisory Services, LL","2022-12-31 00:00:00",0,"External",7500000
1677,"xnj313c ",26192,"v0001314    ","Colliers International Valuation & Advisory Services","2021-12-31 00:00:00",0,"External",5200000
1677,"xnj313c ",25506,"v0001305    ","JLL Valuation & Advisory Services, LL","2023-06-30 00:00:00",0,"External",7400000
1678,"xnj52col",25506,"v0001305    ","JLL Valuation & Advisory Services, LL","2023-06-30 00:00:00",0,"External",5300000
1678,"xnj52col",26192,"v0001314    ","Colliers International Valuation & Advisory Services","2021-12-31 00:00:00",0,"External",3350000
1678,"xnj52col",25506,"v0001305    ","JLL Valuation & Advisory Services, LL","2022-12-31 00:00:00",0,"External",5100000
1679,"xga9330 ",25506,"v0001305    ","JLL Valuation & Advisory Services, LL","2022-12-31 00:00:00",0,"External",2300000
1679,"xga9330 ",26192,"v0001314    ","Colliers International Valuation & Advisory Services","2021-12-31 00:00:00",0,"External",2070000
1680,"xil900b ",26192,"v0001314    ","Colliers International Valuation & Advisory Services","2021-12-31 00:00:00",0,"External",5070000
1680,"xil900b ",25506,"v0001305    ","JLL Valuation & Advisory Services, LL","2022-12-31 00:00:00",0,"External",4900000
1680,"xil900b ",25506,"v0001305    ","JLL Valuation & Advisory Services, LL","2023-06-30 00:00:00",0,"External",4600000
1681,"xga4225 ",25506,"v0001305    ","JLL Valuation & Advisory Services, LL","2023-06-30 00:00:00",0,"External",3900000
1681,"xga4225 ",25506,"v0001305    ","JLL Valuation & Advisory Services, LL","2022-12-31 00:00:00",0,"External",3900000
1681,"xga4225 ",26192,"v0001314    ","Colliers International Valuation & Advisory Services","2021-12-31 00:00:00",0,"External",3400000
1682,"xnj845l ",26192,"v0001314    ","Colliers International Valuation & Advisory Services","2021-12-31 00:00:00",0,"External",2400000
1682,"xnj845l ",25506,"v0001305    ","JLL Valuation & Advisory Services, LL","2022-12-31 00:00:00",0,"External",2600000
1683,"xnj1010 ",25506,"v0001305    ","JLL Valuation & Advisory Services, LL","2022-12-31 00:00:00",0,"External",7300000
1683,"xnj1010 ",26192,"v0001314    ","Colliers International Valuation & Advisory Services","2021-12-31 00:00:00",0,"External",3850000
1683,"xnj1010 ",25506,"v0001305    ","JLL Valuation & Advisory Services, LL","2023-06-30 00:00:00",0,"External",7800000
1685,"xtx2655 ",25506,"v0001305    ","JLL Valuation & Advisory Services, LL","2023-03-31 00:00:00",0,"External",4090000
1685,"xtx2655 ",25506,"v0001305    ","JLL Valuation & Advisory Services, LL","2022-09-30 00:00:00",0,"External",3460000
1685,"xtx2655 ",36968,"FV0012      ","JLL Valuation & Advisory Services, LLC (FRG-X)","2024-03-31 00:00:00",0,"External",4100000
1686,"xtx1121 ",26192,"v0001314    ","Colliers International Valuation & Advisory Services","2021-12-31 00:00:00",0,"External",3400000
1686,"xtx1121 ",25506,"v0001305    ","JLL Valuation & Advisory Services, LL","2022-12-31 00:00:00",0,"External",4600000
1689,"xga265c ",25506,"v0001305    ","JLL Valuation & Advisory Services, LL","2022-09-30 00:00:00",0,"External",10200000
1689,"xga265c ",26192,"v0001314    ","Colliers International Valuation & Advisory Services","2021-12-31 00:00:00",0,"External",6150000
1689,"xga265c ",25506,"v0001305    ","JLL Valuation & Advisory Services, LL","2023-03-31 00:00:00",0,"External",10200000
1689,"xga265c ",36968,"FV0012      ","JLL Valuation & Advisory Services, LLC (FRG-X)","2024-03-31 00:00:00",0,"External",11000000
1695,"xnj390n ",25506,"v0001305    ","JLL Valuation & Advisory Services, LL","2023-06-30 00:00:00",0,"External",6200000
1695,"xnj390n ",26192,"v0001314    ","Colliers International Valuation & Advisory Services","2021-12-31 00:00:00",0,"External",4650000
1695,"xnj390n ",25506,"v0001305    ","JLL Valuation & Advisory Services, LL","2022-12-31 00:00:00",0,"External",5900000
1696,"xga4601 ",26192,"v0001314    ","Colliers International Valuation & Advisory Services","2021-12-31 00:00:00",0,"External",7610000
1732,"xga1157 ",26192,"v0001314    ","Colliers International Valuation & Advisory Services","2021-12-31 00:00:00",0,"External",10280000
1732,"xga1157 ",25506,"v0001305    ","JLL Valuation & Advisory Services, LL","2022-12-31 00:00:00",0,"External",11200000
1733,"xga5070 ",26192,"v0001314    ","Colliers International Valuation & Advisory Services","2021-12-31 00:00:00",0,"External",2580000
1733,"xga5070 ",25506,"v0001305    ","JLL Valuation & Advisory Services, LL","2022-09-30 00:00:00",0,"External",4900000
1733,"xga5070 ",25506,"v0001305    ","JLL Valuation & Advisory Services, LL","2023-03-31 00:00:00",0,"External",4500000
1733,"xga5070 ",36968,"FV0012      ","JLL Valuation & Advisory Services, LLC (FRG-X)","2024-03-31 00:00:00",0,"External",4900000
1734,"xil2101 ",26192,"v0001314    ","Colliers International Valuation & Advisory Services","2021-12-31 00:00:00",0,"External",8740000
1734,"xil2101 ",25506,"v0001305    ","JLL Valuation & Advisory Services, LL","2022-12-31 00:00:00",0,"External",9200000
1735,"xnj108n ",25506,"v0001305    ","JLL Valuation & Advisory Services, LL","2022-12-31 00:00:00",0,"External",3000000
1735,"xnj108n ",26192,"v0001314    ","Colliers International Valuation & Advisory Services","2021-12-31 00:00:00",0,"External",2770000
1754,"xgadors ",25506,"v0001305    ","JLL Valuation & Advisory Services, LL","2022-12-31 00:00:00",0,"External",12600000
1754,"xgadors ",26192,"v0001314    ","Colliers International Valuation & Advisory Services","2021-12-31 00:00:00",0,"External",11100000
1755,"xoh8655 ",26192,"v0001314    ","Colliers International Valuation & Advisory Services","2021-12-31 00:00:00",0,"External",2390000
1755,"xoh8655 ",25506,"v0001305    ","JLL Valuation & Advisory Services, LL","2022-12-31 00:00:00",0,"External",2400000
1756,"xpa12111",26192,"v0001314    ","Colliers International Valuation & Advisory Services","2021-12-31 00:00:00",0,"External",7500000
1756,"xpa12111",25506,"v0001305    ","JLL Valuation & Advisory Services, LL","2022-12-31 00:00:00",0,"External",10900000
1757,"xpa327c ",25506,"v0001305    ","JLL Valuation & Advisory Services, LL","2022-12-31 00:00:00",0,"External",12300000
1757,"xpa327c ",26192,"v0001314    ","Colliers International Valuation & Advisory Services","2021-12-31 00:00:00",0,"External",10000000
1785,"xnj14th ",26192,"v0001314    ","Colliers International Valuation & Advisory Services","2021-12-31 00:00:00",0,"External",4300000
1785,"xnj14th ",25506,"v0001305    ","JLL Valuation & Advisory Services, LL","2022-12-31 00:00:00",0,"External",5500000
1786,"xoh382c ",25506,"v0001305    ","JLL Valuation & Advisory Services, LL","2022-12-31 00:00:00",0,"External",3500000
1786,"xoh382c ",26192,"v0001314    ","Colliers International Valuation & Advisory Services","2021-12-31 00:00:00",0,"External",3400000
1787,"xnj220r ",26192,"v0001314    ","Colliers International Valuation & Advisory Services","2021-12-31 00:00:00",0,"External",6500000
1787,"xnj220r ",25506,"v0001305    ","JLL Valuation & Advisory Services, LL","2022-12-31 00:00:00",0,"External",8600000
1787,"xnj220r ",25506,"v0001305    ","JLL Valuation & Advisory Services, LL","2023-06-30 00:00:00",0,"External",8800000
1788,"xnj10tw ",25506,"v0001305    ","JLL Valuation & Advisory Services, LL","2022-12-31 00:00:00",0,"External",5300000
1788,"xnj10tw ",26192,"v0001314    ","Colliers International Valuation & Advisory Services","2021-12-31 00:00:00",0,"External",4400000
1789,"xil250n ",26192,"v0001314    ","Colliers International Valuation & Advisory Services","2021-12-31 00:00:00",0,"External",5000000
1789,"xil250n ",25506,"v0001305    ","JLL Valuation & Advisory Services, LL","2022-12-31 00:00:00",0,"External",5600000
1790,"xtnawg1 ",25506,"v0001305    ","JLL Valuation & Advisory Services, LL","2022-09-30 00:00:00",0,"External",14700000
1790,"xtnawg1 ",36968,"FV0012      ","JLL Valuation & Advisory Services, LLC (FRG-X)","2023-09-30 00:00:00",0,"External",13300000
1791,"xtnawg2 ",25506,"v0001305    ","JLL Valuation & Advisory Services, LL","2022-09-30 00:00:00",0,"External",7500000
1873,"xil529t ",25506,"v0001305    ","JLL Valuation & Advisory Services, LL","2022-09-30 00:00:00",0,"External",6300000
1873,"xil529t ",36968,"FV0012      ","JLL Valuation & Advisory Services, LLC (FRG-X)","2023-09-30 00:00:00",0,"External",5900000
1874,"xil700h ",25506,"v0001305    ","JLL Valuation & Advisory Services, LL","2023-03-31 00:00:00",0,"External",4900000
1874,"xil700h ",25506,"v0001305    ","JLL Valuation & Advisory Services, LL","2022-09-30 00:00:00",0,"External",5000000
1874,"xil700h ",26192,"v0001314    ","Colliers International Valuation & Advisory Services","2021-12-31 00:00:00",0,"External",3150000
1874,"xil700h ",36968,"FV0012      ","JLL Valuation & Advisory Services, LLC (FRG-X)","2024-03-31 00:00:00",0,"External",5110000
1876,"xnj17pol",25506,"v0001305    ","JLL Valuation & Advisory Services, LL","2022-09-30 00:00:00",0,"External",29500000
1876,"xnj17pol",36968,"FV0012      ","JLL Valuation & Advisory Services, LLC (FRG-X)","2023-09-30 00:00:00",0,"External",26600000
1877,"xnj19nev",25506,"v0001305    ","JLL Valuation & Advisory Services, LL","2023-03-31 00:00:00",0,"External",40200000
1877,"xnj19nev",25506,"v0001305    ","JLL Valuation & Advisory Services, LL","2022-09-30 00:00:00",0,"External",43900000
1877,"xnj19nev",36968,"FV0012      ","JLL Valuation & Advisory Services, LLC (FRG-X)","2024-03-31 00:00:00",0,"External",38800000
1878,"xnj125al",36968,"FV0012      ","JLL Valuation & Advisory Services, LLC (FRG-X)","2024-03-31 00:00:00",0,"External",18900000
1878,"xnj125al",25506,"v0001305    ","JLL Valuation & Advisory Services, LL","2022-09-30 00:00:00",0,"External",20600000
1878,"xnj125al",25506,"v0001305    ","JLL Valuation & Advisory Services, LL","2023-03-31 00:00:00",0,"External",18900000
1879,"xnj145al",36968,"FV0012      ","JLL Valuation & Advisory Services, LLC (FRG-X)","2023-09-30 00:00:00",0,"External",5000000
1879,"xnj145al",25506,"v0001305    ","JLL Valuation & Advisory Services, LL","2022-09-30 00:00:00",0,"External",5300000
1880,"xnj156al",25506,"v0001305    ","JLL Valuation & Advisory Services, LL","2022-09-30 00:00:00",0,"External",4900000
1880,"xnj156al",36968,"FV0012      ","JLL Valuation & Advisory Services, LLC (FRG-X)","2023-09-30 00:00:00",0,"External",4550000
1881,"xnj30les",36968,"FV0012      ","JLL Valuation & Advisory Services, LLC (FRG-X)","2023-09-30 00:00:00",0,"External",7150000
1881,"xnj30les",25506,"v0001305    ","JLL Valuation & Advisory Services, LL","2022-09-30 00:00:00",0,"External",6600000
1882,"xnj128ba",25506,"v0001305    ","JLL Valuation & Advisory Services, LL","2022-09-30 00:00:00",0,"External",11800000
1882,"xnj128ba",36968,"FV0012      ","JLL Valuation & Advisory Services, LLC (FRG-X)","2023-09-30 00:00:00",0,"External",11100000
1883,"xnj5thor",36968,"FV0012      ","JLL Valuation & Advisory Services, LLC (FRG-X)","2023-09-30 00:00:00",0,"External",37700000
1883,"xnj5thor",25506,"v0001305    ","JLL Valuation & Advisory Services, LL","2022-09-30 00:00:00",0,"External",40000000
1884,"xnj40pot",25506,"v0001305    ","JLL Valuation & Advisory Services, LL","2022-09-30 00:00:00",0,"External",14900000
1884,"xnj40pot",36968,"FV0012      ","JLL Valuation & Advisory Services, LLC (FRG-X)","2023-09-30 00:00:00",0,"External",13000000
1885,"xnj95bau",36968,"FV0012      ","JLL Valuation & Advisory Services, LLC (FRG-X)","2023-09-30 00:00:00",0,"External",1480000
1885,"xnj95bau",25506,"v0001305    ","JLL Valuation & Advisory Services, LL","2022-09-30 00:00:00",0,"External",1700000
1886,"xga4507m",25506,"v0001305    ","JLL Valuation & Advisory Services, LL","2022-09-30 00:00:00",0,"External",11000000
1886,"xga4507m",36968,"FV0012      ","JLL Valuation & Advisory Services, LLC (FRG-X)","2023-09-30 00:00:00",0,"External",11000000
1887,"xnj740co",26192,"v0001314    ","Colliers International Valuation & Advisory Services","2021-12-31 00:00:00",0,"External",13700000
1887,"xnj740co",25506,"v0001305    ","JLL Valuation & Advisory Services, LL","2022-12-31 00:00:00",0,"External",13900000
1888,"xtx4201n",25506,"v0001305    ","JLL Valuation & Advisory Services, LL","2022-09-30 00:00:00",0,"External",27100000
1888,"xtx4201n",36968,"FV0012      ","JLL Valuation & Advisory Services, LLC (FRG-X)","2023-09-30 00:00:00",0,"External",27400000
1891,"xil2500w",36968,"FV0012      ","JLL Valuation & Advisory Services, LLC (FRG-X)","2023-09-30 00:00:00",0,"External",2100000
1891,"xil2500w",25506,"v0001305    ","JLL Valuation & Advisory Services, LL","2022-09-30 00:00:00",0,"External",2200000
1892,"xga4680n",25506,"v0001305    ","JLL Valuation & Advisory Services, LL","2022-09-30 00:00:00",0,"External",6200000
1892,"xga4680n",36968,"FV0012      ","JLL Valuation & Advisory Services, LLC (FRG-X)","2023-09-30 00:00:00",0,"External",6300000
1893,"xga5121b",36968,"FV0012      ","JLL Valuation & Advisory Services, LLC (FRG-X)","2023-09-30 00:00:00",0,"External",3400000
1893,"xga5121b",25506,"v0001305    ","JLL Valuation & Advisory Services, LL","2022-09-30 00:00:00",0,"External",3200000
1894,"xga2100b",25506,"v0001305    ","JLL Valuation & Advisory Services, LL","2022-09-30 00:00:00",0,"External",16300000
1894,"xga2100b",36968,"FV0012      ","JLL Valuation & Advisory Services, LLC (FRG-X)","2023-09-30 00:00:00",0,"External",14200000
1895,"xtx3662m",25506,"v0001305    ","JLL Valuation & Advisory Services, LL","2023-06-30 00:00:00",0,"External",5100000
1895,"xtx3662m",25506,"v0001305    ","JLL Valuation & Advisory Services, LL","2022-09-30 00:00:00",0,"External",4800000
1896,"xtx12150",25506,"v0001305    ","JLL Valuation & Advisory Services, LL","2022-09-30 00:00:00",0,"External",5700000
1896,"xtx12150",25506,"v0001305    ","JLL Valuation & Advisory Services, LL","2023-06-30 00:00:00",0,"External",5800000
1897,"xga800in",25506,"v0001305    ","JLL Valuation & Advisory Services, LL","2023-03-31 00:00:00",0,"External",7800000
1897,"xga800in",25506,"v0001305    ","JLL Valuation & Advisory Services, LL","2022-09-30 00:00:00",0,"External",9900000
1897,"xga800in",36968,"FV0012      ","JLL Valuation & Advisory Services, LLC (FRG-X)","2024-03-31 00:00:00",0,"External",7910000
1898,"xnj14rol",36968,"FV0012      ","JLL Valuation & Advisory Services, LLC (FRG-X)","2024-03-31 00:00:00",0,"External",3500000
1898,"xnj14rol",25506,"v0001305    ","JLL Valuation & Advisory Services, LL","2022-09-30 00:00:00",0,"External",3600000
1898,"xnj14rol",25506,"v0001305    ","JLL Valuation & Advisory Services, LL","2023-03-31 00:00:00",0,"External",3700000
1899,"xil770ar",25506,"v0001305    ","JLL Valuation & Advisory Services, LL","2023-03-31 00:00:00",0,"External",6100000
1899,"xil770ar",25506,"v0001305    ","JLL Valuation & Advisory Services, LL","2022-09-30 00:00:00",0,"External",7200000
1899,"xil770ar",26192,"v0001314    ","Colliers International Valuation & Advisory Services","2021-12-31 00:00:00",0,"External",4690000
1899,"xil770ar",36968,"FV0012      ","JLL Valuation & Advisory Services, LLC (FRG-X)","2024-03-31 00:00:00",0,"External",6980000
1900,"xil464no",36968,"FV0012      ","JLL Valuation & Advisory Services, LLC (FRG-X)","2024-03-31 00:00:00",0,"External",3500000
1900,"xil464no",36968,"FV0012      ","JLL Valuation & Advisory Services, LLC (FRG-X)","2024-03-31 00:00:00",0,"External",3160000
1900,"xil464no",25506,"v0001305    ","JLL Valuation & Advisory Services, LL","2022-09-30 00:00:00",0,"External",3700000
1900,"xil464no",25506,"v0001305    ","JLL Valuation & Advisory Services, LL","2023-03-31 00:00:00",0,"External",3200000
1901,"xil77whe",25506,"v0001305    ","JLL Valuation & Advisory Services, LL","2023-03-31 00:00:00",0,"External",9200000
1901,"xil77whe",25506,"v0001305    ","JLL Valuation & Advisory Services, LL","2022-09-30 00:00:00",0,"External",10700000
1901,"xil77whe",36968,"FV0012      ","JLL Valuation & Advisory Services, LLC (FRG-X)","2024-03-31 00:00:00",0,"External",9200000
1902,"xky4175a",26192,"v0001314    ","Colliers International Valuation & Advisory Services","2021-12-31 00:00:00",0,"External",17500000
1902,"xky4175a",25506,"v0001305    ","JLL Valuation & Advisory Services, LL","2022-12-31 00:00:00",0,"External",18200000
1904,"xnj1601s",25506,"v0001305    ","JLL Valuation & Advisory Services, LL","2022-09-30 00:00:00",0,"External",8300000
1904,"xnj1601s",36968,"FV0012      ","JLL Valuation & Advisory Services, LLC (FRG-X)","2023-09-30 00:00:00",0,"External",7900000
2720,"xtx8154b",25506,"v0001305    ","JLL Valuation & Advisory Services, LL","2023-03-31 00:00:00",0,"External",7200000
2720,"xtx8154b",25506,"v0001305    ","JLL Valuation & Advisory Services, LL","2022-09-30 00:00:00",0,"External",6100000
2720,"xtx8154b",36968,"FV0012      ","JLL Valuation & Advisory Services, LLC (FRG-X)","2024-03-31 00:00:00",0,"External",6890000
2721,"xga800wh",25506,"v0001305    ","JLL Valuation & Advisory Services, LL","2022-09-30 00:00:00",0,"External",6100000
2721,"xga800wh",36968,"FV0012      ","JLL Valuation & Advisory Services, LLC (FRG-X)","2023-09-30 00:00:00",0,"External",5900000
2722,"xfl3900w",25506,"v0001305    ","JLL Valuation & Advisory Services, LL","2023-06-30 00:00:00",0,"External",8700000
2722,"xfl3900w",25506,"v0001305    ","JLL Valuation & Advisory Services, LL","2022-09-30 00:00:00",0,"External",9600000
2723,"xfl11660",25506,"v0001305    ","JLL Valuation & Advisory Services, LL","2022-09-30 00:00:00",0,"External",9900000
2723,"xfl11660",36968,"FV0012      ","JLL Valuation & Advisory Services, LLC (FRG-X)","2023-09-30 00:00:00",0,"External",10900000
2724,"xohcolu1",25506,"v0001305    ","JLL Valuation & Advisory Services, LL","2023-06-30 00:00:00",0,"External",6900000
2724,"xohcolu1",25506,"v0001305    ","JLL Valuation & Advisory Services, LL","2022-09-30 00:00:00",0,"External",6200000
2725,"xohcolu2",25506,"v0001305    ","JLL Valuation & Advisory Services, LL","2022-09-30 00:00:00",0,"External",2400000
2725,"xohcolu2",25506,"v0001305    ","JLL Valuation & Advisory Services, LL","2023-03-31 00:00:00",0,"External",2200000
2725,"xohcolu2",36968,"FV0012      ","JLL Valuation & Advisory Services, LLC (FRG-X)","2024-03-31 00:00:00",0,"External",2130000
2726,"xohcolu3",36968,"FV0012      ","JLL Valuation & Advisory Services, LLC (FRG-X)","2023-09-30 00:00:00",0,"External",1200000
2726,"xohcolu3",25506,"v0001305    ","JLL Valuation & Advisory Services, LL","2022-09-30 00:00:00",0,"External",1200000
2727,"xohcolu4",25506,"v0001305    ","JLL Valuation & Advisory Services, LL","2022-09-30 00:00:00",0,"External",2800000
2727,"xohcolu4",25506,"v0001305    ","JLL Valuation & Advisory Services, LL","2023-03-31 00:00:00",0,"External",3100000
2727,"xohcolu4",36968,"FV0012      ","JLL Valuation & Advisory Services, LLC (FRG-X)","2024-03-31 00:00:00",0,"External",2950000
2952,"xtndelp2",26192,"v0001314    ","Colliers International Valuation & Advisory Services","2021-12-31 00:00:00",0,"External",5803462
2952,"xtndelp2",25506,"v0001305    ","JLL Valuation & Advisory Services, LL","2022-12-31 00:00:00",0,"External",6600000
2958,"xpa18rai",25506,"v0001305    ","JLL Valuation & Advisory Services, LL","2022-09-30 00:00:00",0,"External",22300000
2958,"xpa18rai",25506,"v0001305    ","JLL Valuation & Advisory Services, LL","2023-03-31 00:00:00",0,"External",22400000
2958,"xpa18rai",36968,"FV0012      ","JLL Valuation & Advisory Services, LLC (FRG-X)","2024-03-31 00:00:00",0,"External",22600000
2985,"xil1001a",36968,"FV0012      ","JLL Valuation & Advisory Services, LLC (FRG-X)","2023-09-30 00:00:00",0,"External",2200000
2985,"xil1001a",25506,"v0001305    ","JLL Valuation & Advisory Services, LL","2022-09-30 00:00:00",0,"External",2100000
2986,"xil1000a",25506,"v0001305    ","JLL Valuation & Advisory Services, LL","2022-09-30 00:00:00",0,"External",5300000
2986,"xil1000a",25506,"v0001305    ","JLL Valuation & Advisory Services, LL","2023-03-31 00:00:00",0,"External",4500000
2986,"xil1000a",36968,"FV0012      ","JLL Valuation & Advisory Services, LLC (FRG-X)","2024-03-31 00:00:00",0,"External",4580000
2987,"xnj2075h",36968,"FV0012      ","JLL Valuation & Advisory Services, LLC (FRG-X)","2024-03-31 00:00:00",0,"External",4780000
2987,"xnj2075h",25506,"v0001305    ","JLL Valuation & Advisory Services, LL","2023-03-31 00:00:00",0,"External",4700000
2987,"xnj2075h",25506,"v0001305    ","JLL Valuation & Advisory Services, LL","2022-09-30 00:00:00",0,"External",4700000
2988,"xtx2125v",25506,"v0001305    ","JLL Valuation & Advisory Services, LL","2022-09-30 00:00:00",0,"External",5000000
2988,"xtx2125v",25506,"v0001305    ","JLL Valuation & Advisory Services, LL","2023-06-30 00:00:00",0,"External",4700000
2989,"xnj200ri",25506,"v0001305    ","JLL Valuation & Advisory Services, LL","2023-03-31 00:00:00",0,"External",19200000
2989,"xnj200ri",25506,"v0001305    ","JLL Valuation & Advisory Services, LL","2022-09-30 00:00:00",0,"External",10700000
2989,"xnj200ri",36968,"FV0012      ","JLL Valuation & Advisory Services, LLC (FRG-X)","2024-03-31 00:00:00",0,"External",14000000
2990,"xga4600f",36968,"FV0012      ","JLL Valuation & Advisory Services, LLC (FRG-X)","2024-03-31 00:00:00",0,"External",8820000
2990,"xga4600f",25506,"v0001305    ","JLL Valuation & Advisory Services, LL","2022-09-30 00:00:00",0,"External",10200000
2990,"xga4600f",25506,"v0001305    ","JLL Valuation & Advisory Services, LL","2023-03-31 00:00:00",0,"External",8600000
2992,"xtx2616a",25506,"v0001305    ","JLL Valuation & Advisory Services, LL","2023-06-30 00:00:00",0,"External",3600000
2992,"xtx2616a",25506,"v0001305    ","JLL Valuation & Advisory Services, LL","2022-09-30 00:00:00",0,"External",3050000
2993,"xfl4646g",25506,"v0001305    ","JLL Valuation & Advisory Services, LL","2022-09-30 00:00:00",0,"External",9700000
2993,"xfl4646g",25506,"v0001305    ","JLL Valuation & Advisory Services, LL","2023-06-30 00:00:00",0,"External",9700000
2994,"xnj9100p",25506,"v0001305    ","JLL Valuation & Advisory Services, LL","2023-03-31 00:00:00",0,"External",7100000
2994,"xnj9100p",25506,"v0001305    ","JLL Valuation & Advisory Services, LL","2022-09-30 00:00:00",0,"External",6800000
2994,"xnj9100p",36968,"FV0012      ","JLL Valuation & Advisory Services, LLC (FRG-X)","2024-03-31 00:00:00",0,"External",6500000
3201,"xtx111pl",25506,"v0001305    ","JLL Valuation & Advisory Services, LL","2022-09-30 00:00:00",0,"External",14300000
3201,"xtx111pl",36968,"FV0012      ","JLL Valuation & Advisory Services, LLC (FRG-X)","2023-09-30 00:00:00",0,"External",14000000
3202,"xtx467wa",25506,"v0001305    ","JLL Valuation & Advisory Services, LL","2023-03-31 00:00:00",0,"External",5300000
3202,"xtx467wa",25506,"v0001305    ","JLL Valuation & Advisory Services, LL","2022-09-30 00:00:00",0,"External",5400000
3203,"xtx310an",25506,"v0001305    ","JLL Valuation & Advisory Services, LL","2022-09-30 00:00:00",0,"External",9500000
3203,"xtx310an",36968,"FV0012      ","JLL Valuation & Advisory Services, LLC (FRG-X)","2023-09-30 00:00:00",0,"External",9300000
3204,"xtx1919a",36968,"FV0012      ","JLL Valuation & Advisory Services, LLC (FRG-X)","2023-09-30 00:00:00",0,"External",6300000
3204,"xtx1919a",25506,"v0001305    ","JLL Valuation & Advisory Services, LL","2022-09-30 00:00:00",0,"External",6500000
3272,"xnj400wa",25506,"v0001305    ","JLL Valuation & Advisory Services, LL","2022-09-30 00:00:00",0,"External",5400000
3272,"xnj400wa",25506,"v0001305    ","JLL Valuation & Advisory Services, LL","2023-03-31 00:00:00",0,"External",5100000
3272,"xnj400wa",36968,"FV0012      ","JLL Valuation & Advisory Services, LLC (FRG-X)","2024-03-31 00:00:00",0,"External",4700000
3273,"xga3350h",36968,"FV0012      ","JLL Valuation & Advisory Services, LLC (FRG-X)","2024-03-31 00:00:00",0,"External",8970000
3273,"xga3350h",36968,"FV0012      ","JLL Valuation & Advisory Services, LLC (FRG-X)","2023-09-30 00:00:00",0,"External",9300000
3273,"xga3350h",25506,"v0001305    ","JLL Valuation & Advisory Services, LL","2022-09-30 00:00:00",0,"External",9800000
3274,"xtx4679w",36968,"FV0012      ","JLL Valuation & Advisory Services, LLC (FRG-X)","2024-03-31 00:00:00",0,"External",5100000
3278,"xfl7720p",25506,"v0001305    ","JLL Valuation & Advisory Services, LL","2022-09-30 00:00:00",0,"External",11300000
3278,"xfl7720p",36968,"FV0012      ","JLL Valuation & Advisory Services, LLC (FRG-X)","2023-09-30 00:00:00",0,"External",11300000
3301,"xil121lo",25506,"v0001305    ","JLL Valuation & Advisory Services, LL","2023-06-30 00:00:00",0,"External",2500000
3301,"xil121lo",25506,"v0001305    ","JLL Valuation & Advisory Services, LL","2022-09-30 00:00:00",0,"External",2700000
3302,"xnj121mo",25506,"v0001305    ","JLL Valuation & Advisory Services, LL","2022-09-30 00:00:00",0,"External",18500000
3302,"xnj121mo",36968,"FV0012      ","JLL Valuation & Advisory Services, LLC (FRG-X)","2023-09-30 00:00:00",0,"External",17600000
3304,"xpa4200m",25506,"v0001305    ","JLL Valuation & Advisory Services, LL","2023-03-31 00:00:00",0,"External",5500000
3304,"xpa4200m",25506,"v0001305    ","JLL Valuation & Advisory Services, LL","2022-09-30 00:00:00",0,"External",6300000
3304,"xpa4200m",36968,"FV0012      ","JLL Valuation & Advisory Services, LLC (FRG-X)","2024-03-31 00:00:00",0,"External",5500000
3306,"xpa500ma",36968,"FV0012      ","JLL Valuation & Advisory Services, LLC (FRG-X)","2024-03-31 00:00:00",0,"External",19500000
3306,"xpa500ma",25506,"v0001305    ","JLL Valuation & Advisory Services, LL","2022-09-30 00:00:00",0,"External",20500000
3306,"xpa500ma",25506,"v0001305    ","JLL Valuation & Advisory Services, LL","2023-03-31 00:00:00",0,"External",19000000
3307,"xtx10704",36968,"FV0012      ","JLL Valuation & Advisory Services, LLC (FRG-X)","2023-09-30 00:00:00",0,"External",3940000
3307,"xtx10704",25506,"v0001305    ","JLL Valuation & Advisory Services, LL","2022-09-30 00:00:00",0,"External",3900000
3308,"xfl420sw",25506,"v0001305    ","JLL Valuation & Advisory Services, LL","2022-09-30 00:00:00",0,"External",5300000
3308,"xfl420sw",25506,"v0001305    ","JLL Valuation & Advisory Services, LL","2023-03-31 00:00:00",0,"External",5200000
3308,"xfl420sw",36968,"FV0012      ","JLL Valuation & Advisory Services, LLC (FRG-X)","2024-03-31 00:00:00",0,"External",5280000
3351,"xnj121hi",25506,"v0001305    ","JLL Valuation & Advisory Services, LL","2022-09-30 00:00:00",0,"External",8300000
3356,"xga401wi",25506,"v0001305    ","JLL Valuation & Advisory Services, LL","2022-09-30 00:00:00",0,"External",11100000
3356,"xga401wi",25506,"v0001305    ","JLL Valuation & Advisory Services, LL","2023-03-31 00:00:00",0,"External",10700000
3356,"xga401wi",36968,"FV0012      ","JLL Valuation & Advisory Services, LLC (FRG-X)","2024-03-31 00:00:00",0,"External",7980000
3364,"xtn3961o",36968,"FV0012      ","JLL Valuation & Advisory Services, LLC (FRG-X)","2024-03-31 00:00:00",0,"External",5090000
3364,"xtn3961o",25506,"v0001305    ","JLL Valuation & Advisory Services, LL","2023-03-31 00:00:00",0,"External",5200000
3367,"xil1600b",36968,"FV0012      ","JLL Valuation & Advisory Services, LLC (FRG-X)","2023-09-30 00:00:00",0,"External",6500000
3367,"xil1600b",25506,"v0001305    ","JLL Valuation & Advisory Services, LL","2022-09-30 00:00:00",0,"External",6700000
3368,"xil1630b",25506,"v0001305    ","JLL Valuation & Advisory Services, LL","2022-09-30 00:00:00",0,"External",4300000
3368,"xil1630b",36968,"FV0012      ","JLL Valuation & Advisory Services, LLC (FRG-X)","2023-09-30 00:00:00",0,"External",4100000
3374,"xnj6925s",25506,"v0001305    ","JLL Valuation & Advisory Services, LL","2023-03-31 00:00:00",0,"External",3000000
3374,"xnj6925s",36968,"FV0012      ","JLL Valuation & Advisory Services, LLC (FRG-X)","2024-03-31 00:00:00",0,"External",3500000
3376,"xga9335i",36968,"FV0012      ","JLL Valuation & Advisory Services, LLC (FRG-X)","2024-03-31 00:00:00",0,"External",3150000
3376,"xga9335i",25506,"v0001305    ","JLL Valuation & Advisory Services, LL","2023-03-31 00:00:00",0,"External",3100000
3377,"xil11697",25506,"v0001305    ","JLL Valuation & Advisory Services, LL","2023-03-31 00:00:00",0,"External",4100000
3377,"xil11697",36968,"FV0012      ","JLL Valuation & Advisory Services, LLC (FRG-X)","2024-03-31 00:00:00",0,"External",4510000
3388,"xnj2050h",36968,"FV0012      ","JLL Valuation & Advisory Services, LLC (FRG-X)","2024-03-31 00:00:00",0,"External",3800000
3388,"xnj2050h",25506,"v0001305    ","JLL Valuation & Advisory Services, LL","2023-03-31 00:00:00",0,"External",4100000
3545,"xil231ja",25506,"v0001305    ","JLL Valuation & Advisory Services, LL","2023-03-31 00:00:00",0,"External",5200000
3545,"xil231ja",36968,"FV0012      ","JLL Valuation & Advisory Services, LLC (FRG-X)","2024-03-31 00:00:00",0,"External",5610000
3546,"xil240ja",25506,"v0001305    ","JLL Valuation & Advisory Services, LL","2023-03-31 00:00:00",0,"External",4400000
3547,"xil201ja",25506,"v0001305    ","JLL Valuation & Advisory Services, LL","2023-03-31 00:00:00",0,"External",3000000
3547,"xil201ja",36968,"FV0012      ","JLL Valuation & Advisory Services, LLC (FRG-X)","2024-03-31 00:00:00",0,"External",3210000
3548,"xil141be",36968,"FV0012      ","JLL Valuation & Advisory Services, LLC (FRG-X)","2024-03-31 00:00:00",0,"External",1700000
3548,"xil141be",25506,"v0001305    ","JLL Valuation & Advisory Services, LL","2023-03-31 00:00:00",0,"External",1560000
3569,"3nj00001",25506,"v0001305    ","JLL Valuation & Advisory Services, LL","2023-06-30 00:00:00",0,"External",7100000
3575,"xtx1709s",25506,"v0001305    ","JLL Valuation & Advisory Services, LL","2023-03-31 00:00:00",0,"External",23600000
3575,"xtx1709s",36968,"FV0012      ","JLL Valuation & Advisory Services, LLC (FRG-X)","2024-03-31 00:00:00",0,"External",24000000
3579,"xtx3857m",36968,"FV0012      ","JLL Valuation & Advisory Services, LLC (FRG-X)","2024-03-31 00:00:00",0,"External",5210000
3579,"xtx3857m",25506,"v0001305    ","JLL Valuation & Advisory Services, LL","2023-03-31 00:00:00",0,"External",4600000
3621,"xtx2445s",25506,"v0001305    ","JLL Valuation & Advisory Services, LL","2023-06-30 00:00:00",0,"External",5400000
3622,"xtx1050k",25506,"v0001305    ","JLL Valuation & Advisory Services, LL","2023-03-31 00:00:00",0,"External",5900000
3622,"xtx1050k",36968,"FV0012      ","JLL Valuation & Advisory Services, LLC (FRG-X)","2024-03-31 00:00:00",0,"External",6260000
3623,"xga3471a",36968,"FV0012      ","JLL Valuation & Advisory Services, LLC (FRG-X)","2024-03-31 00:00:00",0,"External",5100000
3623,"xga3471a",25506,"v0001305    ","JLL Valuation & Advisory Services, LL","2023-03-31 00:00:00",0,"External",5100000
3624,"xtx1721s",25506,"v0001305    ","JLL Valuation & Advisory Services, LL","2023-06-30 00:00:00",0,"External",5800000
3625,"xtx11839",25506,"v0001305    ","JLL Valuation & Advisory Services, LL","2023-06-30 00:00:00",0,"External",14600000
3626,"xil1200p",25506,"v0001305    ","JLL Valuation & Advisory Services, LL","2023-03-31 00:00:00",0,"External",3300000
3626,"xil1200p",36968,"FV0012      ","JLL Valuation & Advisory Services, LLC (FRG-X)","2024-03-31 00:00:00",0,"External",3430000
3629,"xtx4666d",25506,"v0001305    ","JLL Valuation & Advisory Services, LL","2023-06-30 00:00:00",0,"External",15900000
3630,"3pa00001",25506,"v0001305    ","JLL Valuation & Advisory Services, LL","2023-06-30 00:00:00",0,"External",6000000
3631,"xga1610s",25506,"v0001305    ","JLL Valuation & Advisory Services, LL","2023-03-31 00:00:00",0,"External",3800000
3631,"xga1610s",36968,"FV0012      ","JLL Valuation & Advisory Services, LLC (FRG-X)","2024-03-31 00:00:00",0,"External",3900000
3632,"xga2900j",25506,"v0001305    ","JLL Valuation & Advisory Services, LL","2023-06-30 00:00:00",0,"External",10100000
3633,"3md00001",36959,"FV0003      ","JLL Valuation & Advisory Services, LLC (Fund3)","2023-09-30 00:00:00",0,"External",11000000
3634,"3ga00001",36959,"FV0003      ","JLL Valuation & Advisory Services, LLC (Fund3)","2023-09-30 00:00:00",0,"External",6600000
3635,"xga4450c",25506,"v0001305    ","JLL Valuation & Advisory Services, LL","2023-03-31 00:00:00",0,"External",1720000
3635,"xga4450c",36968,"FV0012      ","JLL Valuation & Advisory Services, LLC (FRG-X)","2024-03-31 00:00:00",0,"External",1860000
3636,"xfl3333c",25506,"v0001305    ","JLL Valuation & Advisory Services, LL","2023-03-31 00:00:00",0,"External",6300000
3636,"xfl3333c",36968,"FV0012      ","JLL Valuation & Advisory Services, LLC (FRG-X)","2024-03-31 00:00:00",0,"External",7070000
3637,"xnj59cha",25506,"v0001305    ","JLL Valuation & Advisory Services, LL","2023-03-31 00:00:00",0,"External",1980000
3637,"xnj59cha",36968,"FV0012      ","JLL Valuation & Advisory Services, LLC (FRG-X)","2024-03-31 00:00:00",0,"External",2200000
3638,"xil7760m",25506,"v0001305    ","JLL Valuation & Advisory Services, LL","2023-06-30 00:00:00",0,"External",5500000
3639,"xil2710l",25506,"v0001305    ","JLL Valuation & Advisory Services, LL","2023-06-30 00:00:00",0,"External",2500000
3640,"xil1000e",25506,"v0001305    ","JLL Valuation & Advisory Services, LL","2023-06-30 00:00:00",0,"External",2900000
3641,"xpa3041m",25506,"v0001305    ","JLL Valuation & Advisory Services, LL","2023-03-31 00:00:00",0,"External",10500000
3641,"xpa3041m",36968,"FV0012      ","JLL Valuation & Advisory Services, LLC (FRG-X)","2024-03-31 00:00:00",0,"External",10500000
3642,"xnj19ind",36968,"FV0012      ","JLL Valuation & Advisory Services, LLC (FRG-X)","2024-03-31 00:00:00",0,"External",13200000
3642,"xnj19ind",25506,"v0001305    ","JLL Valuation & Advisory Services, LL","2023-03-31 00:00:00",0,"External",13100000
3644,"3tn00002",36959,"FV0003      ","JLL Valuation & Advisory Services, LLC (Fund3)","2023-09-30 00:00:00",0,"External",1700000
3645,"3tn00003",36959,"FV0003      ","JLL Valuation & Advisory Services, LLC (Fund3)","2023-09-30 00:00:00",0,"External",7900000
3647,"3tn00005",36959,"FV0003      ","JLL Valuation & Advisory Services, LLC (Fund3)","2023-09-30 00:00:00",0,"External",12500000
3649,"3nj00002",36959,"FV0003      ","JLL Valuation & Advisory Services, LLC (Fund3)","2023-09-30 00:00:00",0,"External",12200000
3651,"3fl00003",25506,"v0001305    ","JLL Valuation & Advisory Services, LL","2023-06-30 00:00:00",0,"External",9100000
3652,"xnj70cat",25506,"v0001305    ","JLL Valuation & Advisory Services, LL","2023-06-30 00:00:00",0,"External",2300000
3667,"xnj6900r",25506,"v0001305    ","JLL Valuation & Advisory Services, LL","2023-06-30 00:00:00",0,"External",2900000
3668,"xga3651c",25506,"v0001305    ","JLL Valuation & Advisory Services, LL","2023-03-31 00:00:00",0,"External",3600000
3668,"xga3651c",36968,"FV0012      ","JLL Valuation & Advisory Services, LLC (FRG-X)","2024-03-31 00:00:00",0,"External",3550000
3669,"xil222ja",36968,"FV0012      ","JLL Valuation & Advisory Services, LLC (FRG-X)","2024-03-31 00:00:00",0,"External",3400000
3669,"xil222ja",25506,"v0001305    ","JLL Valuation & Advisory Services, LL","2023-03-31 00:00:00",0,"External",3200000
3670,"xga1585r",25506,"v0001305    ","JLL Valuation & Advisory Services, LL","2023-06-30 00:00:00",0,"External",6900000
3671,"xoh154co",25506,"v0001305    ","JLL Valuation & Advisory Services, LL","2023-06-30 00:00:00",0,"External",6000000
3714,"3md00002",36959,"FV0003      ","JLL Valuation & Advisory Services, LLC (Fund3)","2023-09-30 00:00:00",0,"External",10700000
3728,"xnj1803u",25506,"v0001305    ","JLL Valuation & Advisory Services, LL","2023-06-30 00:00:00",0,"External",2460000
3729,"xga3100j",25506,"v0001305    ","JLL Valuation & Advisory Services, LL","2023-06-30 00:00:00",0,"External",4600000
3735,"3ga00002",36959,"FV0003      ","JLL Valuation & Advisory Services, LLC (Fund3)","2023-09-30 00:00:00",0,"External",13000000
3736,"3il00001",36959,"FV0003      ","JLL Valuation & Advisory Services, LLC (Fund3)","2023-09-30 00:00:00",0,"External",3400000
3737,"3oh00001",25506,"v0001305    ","JLL Valuation & Advisory Services, LL","2023-03-31 00:00:00",0,"External",12900000
3737,"3oh00001",36959,"FV0003      ","JLL Valuation & Advisory Services, LLC (Fund3)","2024-03-31 00:00:00",0,"External",17300000
3738,"xil1100h",25506,"v0001305    ","JLL Valuation & Advisory Services, LL","2023-06-30 00:00:00",0,"External",2500000
3739,"xil1701b",25506,"v0001305    ","JLL Valuation & Advisory Services, LL","2023-06-30 00:00:00",0,"External",4200000
3740,"3nj00003",36959,"FV0003      ","JLL Valuation & Advisory Services, LLC (Fund3)","2023-09-30 00:00:00",0,"External",11100000
3741,"3il00002",36959,"FV0003      ","JLL Valuation & Advisory Services, LLC (Fund3)","2023-09-30 00:00:00",0,"External",3400000
3795,"xnj1980o",25506,"v0001305    ","JLL Valuation & Advisory Services, LL","2023-06-30 00:00:00",0,"External",1830000
3796,"3ga00003",25506,"v0001305    ","JLL Valuation & Advisory Services, LL","2023-06-30 00:00:00",0,"External",11000000
3797,"3fl00004",25506,"v0001305    ","JLL Valuation & Advisory Services, LL","2023-06-30 00:00:00",0,"External",5800000
3798,"3il00003",36959,"FV0003      ","JLL Valuation & Advisory Services, LLC (Fund3)","2023-09-30 00:00:00",0,"External",2000000
3799,"3il00004",36959,"FV0003      ","JLL Valuation & Advisory Services, LLC (Fund3)","2023-09-30 00:00:00",0,"External",3200000
3800,"3ny00001",25506,"v0001305    ","JLL Valuation & Advisory Services, LL","2023-03-31 00:00:00",0,"External",5700000
3800,"3ny00001",36959,"FV0003      ","JLL Valuation & Advisory Services, LLC (Fund3)","2024-03-31 00:00:00",0,"External",5820000
3818,"3tx00001",36959,"FV0003      ","JLL Valuation & Advisory Services, LLC (Fund3)","2023-09-30 00:00:00",0,"External",7670000
3836,"3tx00002",36959,"FV0003      ","JLL Valuation & Advisory Services, LLC (Fund3)","2023-09-30 00:00:00",0,"External",8120000
4075,"xga1145b",25506,"v0001305    ","JLL Valuation & Advisory Services, LL","2023-06-30 00:00:00",0,"External",5600000
4076,"3nj00005",36959,"FV0003      ","JLL Valuation & Advisory Services, LLC (Fund3)","2023-09-30 00:00:00",0,"External",8400000
4077,"3nj00004",36959,"FV0003      ","JLL Valuation & Advisory Services, LLC (Fund3)","2023-09-30 00:00:00",0,"External",4600000
4078,"3oh00002",36959,"FV0003      ","JLL Valuation & Advisory Services, LLC (Fund3)","2023-09-30 00:00:00",0,"External",3100000
4079,"3md00003",25506,"v0001305    ","JLL Valuation & Advisory Services, LL","2023-03-31 00:00:00",0,"External",4600000
4079,"3md00003",36959,"FV0003      ","JLL Valuation & Advisory Services, LLC (Fund3)","2024-03-31 00:00:00",0,"External",4600000
4116,"3ga00004",25506,"v0001305    ","JLL Valuation & Advisory Services, LL","2023-06-30 00:00:00",0,"External",5100000
4125,"3il00005",25506,"v0001305    ","JLL Valuation & Advisory Services, LL","2023-03-31 00:00:00",0,"External",6100000
4125,"3il00005",36959,"FV0003      ","JLL Valuation & Advisory Services, LLC (Fund3)","2024-03-31 00:00:00",0,"External",6300000
4171,"3tx00004",36959,"FV0003      ","JLL Valuation & Advisory Services, LLC (Fund3)","2024-03-31 00:00:00",0,"External",17200000
4171,"3tx00004",25506,"v0001305    ","JLL Valuation & Advisory Services, LL","2023-03-31 00:00:00",0,"External",16800000
4176,"3tx00009",25506,"v0001305    ","JLL Valuation & Advisory Services, LL","2023-03-31 00:00:00",0,"External",9300000
4176,"3tx00009",36959,"FV0003      ","JLL Valuation & Advisory Services, LLC (Fund3)","2024-03-31 00:00:00",0,"External",9280000
4722,"3nj00006",25506,"v0001305    ","JLL Valuation & Advisory Services, LL","2023-06-30 00:00:00",0,"External",26800000
4727,"3nc00001",36959,"FV0003      ","JLL Valuation & Advisory Services, LLC (Fund3)","2024-03-31 00:00:00",0,"External",5650000
4800,"3fl00006",36959,"FV0003      ","JLL Valuation & Advisory Services, LLC (Fund3)","2024-03-31 00:00:00",0,"External",5830000
4818,"3nj00007",25506,"v0001305    ","JLL Valuation & Advisory Services, LL","2023-06-30 00:00:00",0,"External",16800000
4819,"3nj00008",25506,"v0001305    ","JLL Valuation & Advisory Services, LL","2023-06-30 00:00:00",0,"External",16700000
5710,"3nj00010",36959,"FV0003      ","JLL Valuation & Advisory Services, LLC (Fund3)","2024-03-31 00:00:00",0,"External",11100000
5711,"3nj00011",36959,"FV0003      ","JLL Valuation & Advisory Services, LLC (Fund3)","2024-03-31 00:00:00",0,"External",9500000
5712,"3nj00012",36959,"FV0003      ","JLL Valuation & Advisory Services, LLC (Fund3)","2024-03-31 00:00:00",0,"External",9400000
5714,"3nj00013",36959,"FV0003      ","JLL Valuation & Advisory Services, LLC (Fund3)","2024-03-31 00:00:00",0,"External",8700000
5715,"3nj00014",36959,"FV0003      ","JLL Valuation & Advisory Services, LLC (Fund3)","2024-03-31 00:00:00",0,"External",22100000
5716,"3nj00015",36959,"FV0003      ","JLL Valuation & Advisory Services, LLC (Fund3)","2024-03-31 00:00:00",0,"External",10100000
5717,"3nj00016",36959,"FV0003      ","JLL Valuation & Advisory Services, LLC (Fund3)","2024-03-31 00:00:00",0,"External",13700000
5729,"3nj00017",36959,"FV0003      ","JLL Valuation & Advisory Services, LLC (Fund3)","2024-03-31 00:00:00",0,"External",22100000
5731,"3nj00018",36959,"FV0003      ","JLL Valuation & Advisory Services, LLC (Fund3)","2024-03-31 00:00:00",0,"External",25900000
5733,"3nj00019",36959,"FV0003      ","JLL Valuation & Advisory Services, LLC (Fund3)","2024-03-31 00:00:00",0,"External",34900000
