property id,property code,is active,postal address,postal city,postal state,postal zip code,postal country,property name,acquire date,dispose date,inactive date,is commercial,is international,property last closed period,database id
7715,3ca00001,TRUE,,Torrance,CA,90503,US,605-655 Hawaii Avenue,,,,TRUE,FALSE,6/1/25,1
7756,3ca00002,TRUE,,Ontario,CA,91761,US,2580 E. Philadelphia Street,,,,TRUE,FALSE,6/1/25,1
7760,3ca00003,TRUE,,Ontario,CA,91761,US,2260 S. Archibald Street,,,,TRUE,FALSE,6/1/25,1
7762,3ca00004,TRUE,,Ontario,CA,91761,US,1920 South Rochester Avenue,,,,TRUE,FALSE,6/1/25,1
7764,3ca00005,TRUE,,Ontario,CA,91761,US,1930 S. Rochester Avenue,,,,TRUE,FALSE,6/1/25,1
3572,3fl00001,TRUE,,Opa-Locka,FL,33054,US,14735 NW 25th Court,,,,TRUE,FALSE,6/1/25,1
3628,3fl00002,TRUE,,West Palm Beach,FL,33404,US,7970 Central Industrial Blvd,,,,TRUE,FALSE,6/1/25,1
3651,3fl00003,TRUE,,Miami,FL,33142,US,3330 NW 60th St,,,,TRUE,FALSE,6/1/25,1
3797,3fl00004,TRUE,,Opa-Locka,FL,33054,US,13281 NW 43rd Ave,,,,TRUE,FALSE,6/1/25,1
4435,3fl00005,TRUE,,Miami,FL,33168,US,920 NW 159 Drive,,,,TRUE,FALSE,6/1/25,1
4800,3fl00006,TRUE,,West Palm Beach,FL,33407,US,4390 Westroads Drive,,,,TRUE,FALSE,6/1/25,1
5084,3fl00007,TRUE,,Opa-Locka,FL,33054,US,4570 NW 128th Street,,,,TRUE,FALSE,6/1/25,1
6091,3fl00008,TRUE,,Opa-locka,FL,33054,US,13000 NW 38th Ave,,,,TRUE,FALSE,6/1/25,1
6092,3fl00009,TRUE,,Opa Locka,FL,33054,US,13001 NW 38th Ave,,,,TRUE,FALSE,6/1/25,1
6093,3fl00010,TRUE,,Opa Locka,FL,33054,US,12900 NW 38th Ave,,,,TRUE,FALSE,6/1/25,1
6094,3fl00011,TRUE,,Orlando,FL,32808,US,2479 Eunice Ave,,,,TRUE,FALSE,6/1/25,1
6581,3fl00012,TRUE,,Jacksonville,FL,32226,US,2550 Cabot Commerce Dr,,,,TRUE,FALSE,6/1/25,1
6586,3fl00013,TRUE,,Jacksonville,FL,32226,US,11070 Cabot Commerce Circle,,,,TRUE,FALSE,6/1/25,1
6588,3fl00014,TRUE,,Jacksonville,FL,32226,US,11084 Cabot Commerce Circle,,,,TRUE,FALSE,6/1/25,1
6592,3fl00015,TRUE,,Jacksonville,FL,32226,US,2562 Cabot Commerce Circle,,,,TRUE,FALSE,6/1/25,1
6597,3fl00016,TRUE,,Jacksonville,FL,32226,US,Land Parcel/Storage Unit- Big Rig,,,,TRUE,FALSE,6/1/25,1
6645,3fl00017,TRUE,,Jacksonville,FL,32218,US,"Park 295 - Hazel Street, Jacksonville FL",,,,TRUE,FALSE,6/1/25,1
6993,3fl00019,TRUE,,Miami,FL,33186,US,12750-12770 SW 125th Avenue,,,,TRUE,FALSE,6/1/25,1
7739,3fl00020,TRUE,,Pompano Beach,FL,33069,US,1410 SW 29th Avenue,,,,TRUE,FALSE,6/1/25,1
7805,3fl00021,TRUE,,Clearwater,FL,33760,US,"14550 58th Street N, Clearwater, FL",,,,TRUE,FALSE,6/1/25,1
7826,3fl00022,TRUE,,Pompano Beach,FL,33069,US,2025 NW 15th Ave.,,,,TRUE,FALSE,6/1/25,1
7835,3fl00023,TRUE,,Boca Raton,FL,33487,US,6400 Park of Commerce Boulevard,,,,TRUE,FALSE,6/1/25,1
7821,3fl00024,TRUE,,Boca Raton,FL,33487,US,6500 Park of Commerce Boulevard,,,,TRUE,FALSE,6/1/25,1
7843,3fl00025,TRUE,,Boynton Beach,FL,33426,US,4935 Park Ridge Blvd,,,,TRUE,FALSE,6/1/25,1
7837,3fl00026,TRUE,,Tampa,FL,33610,US,4531 Oak Fair Blvd.,,,,TRUE,FALSE,6/1/25,1
7825,3fl00027,TRUE,,Orlando,FL,32822,US,6901 TPC Drive,,,,TRUE,FALSE,6/1/25,1
7866,3fl00028,TRUE,,Orlando,FL,32822,US,6435 Hazeltine National Drive,,,,TRUE,FALSE,6/1/25,1
7809,3fl00029,TRUE,,Jacksonville,FL,32256,US,10475 Fortune Parkway,,,,TRUE,FALSE,6/1/25,1
7830,3fl00030,TRUE,,Tamarac,FL,33321,US,6200-6320 North Hiatus Road,,,,TRUE,FALSE,6/1/25,1
7822,3fl00031,TRUE,,Port Saint Lucie,FL,34986,US,645-651 Enterprise Drive,,,,TRUE,FALSE,6/1/25,1
6982,3fla0018,TRUE,,Jacksonville,FL,32226,US,Alta Lake Commerce Center,,,,FALSE,FALSE,6/1/25,1
7006,3fld1,TRUE,,,,,United States,FIVF-III-FLD1 LP,,,,FALSE,FALSE,6/1/25,1
6652,3fpdgjow,TRUE,,,,,United States,FP-DG Joyce Kilmer Owner LP,,,,FALSE,FALSE,6/1/25,1
6660,3fpdgjpa,TRUE,,,,,United States,DIG New Brunswick JV LLC,,,,FALSE,FALSE,6/1/25,1
6651,3fpdgjve,TRUE,,,,,United States,FP-DG Joyce Kilmer Venture LP,,,,FALSE,FALSE,6/1/25,1
7008,3fphpflo,TRUE,,,,,United States,FP-Hazel Park 295 Owner LP,,,,FALSE,FALSE,6/1/25,1
7007,3fphpflp,TRUE,,,,,United States,"HSI PARK 295 GP, LLC",,,,FALSE,FALSE,6/1/25,1
7013,3fphpflv,TRUE,,,,,United States,FP-Hazel Park 295 Venture LP,,,,FALSE,FALSE,6/1/25,1
6644,3fplnjos,TRUE,,,,,United States,FP-Lincoln Swisher Owner LP,,,,FALSE,FALSE,6/1/25,1
6643,3fplnjvs,TRUE,,,,,United States,FP-Lincoln Swisher Venture LP,,,,FALSE,FALSE,6/1/25,1
6659,3fplnswp,TRUE,,,,,United States,Royal Swisher Road LLC,,,,FALSE,FALSE,6/1/25,1
3634,3ga00001,TRUE,,Atlanta,GA,30318,US,2160 Hills Avenue,,,,TRUE,FALSE,6/1/25,1
3735,3ga00002,TRUE,,Conyers,GA,30012,US,801 Blacklawn Road,,,,TRUE,FALSE,6/1/25,1
3796,3ga00003,TRUE,,Marietta,GA,30066,US,1100 Shallowford Rd,,,,TRUE,FALSE,6/1/25,1
4116,3ga00004,TRUE,,Atlanta,GA,30318,US,2005 Marietta Rd,,,,TRUE,FALSE,6/1/25,1
5439,3ga00005,TRUE,,Conyers,GA,30013,US,370 Gees Mill,,,,TRUE,FALSE,6/1/25,1
6270,3ga00006,TRUE,,Norcross,GA,30093,US,3905 Steve Reynolds Blvd,,,,TRUE,FALSE,6/1/25,1
6272,3ga00007,TRUE,,Norcross,GA,30093,US,4025 Steve Reynolds Blvd,,,,TRUE,FALSE,6/1/25,1
6615,3ga00008,TRUE,,Morrow,GA,30260,US,1056 Personal Place,,,,TRUE,FALSE,6/1/25,1
6614,3ga00009,TRUE,,Doraville,GA,30340,US,48-50 Best Friend Road,,,,TRUE,FALSE,6/1/25,1
6625,3ga00010,TRUE,,Peachtree Corners,GA,30092,US,3285 Saturn Ct,,,,TRUE,FALSE,6/1/25,1
6662,3ga00011,TRUE,,Norcross,GA,30093,US,1400 Beaver Ruin Rd,,,,TRUE,FALSE,6/1/25,1
7799,3ga00012,TRUE,,Tucker,GA,30384,US,"Hart Portfolio, ATL - 4916 N. Royal Dr",,,,TRUE,FALSE,6/1/25,1
7801,3ga00013,TRUE,,Tucker,GA,30384,US,"Hart Portfolio, ATL - 4919 N Royal Dr",,,,TRUE,FALSE,6/1/25,1
7803,3ga00014,TRUE,,Watkinsville,GA,30677,US,"Hart Portfolio, ATL - 1120 Vend Dr",,,,TRUE,FALSE,6/1/25,1
7813,3ga00015,TRUE,,Marietta,GA,30062,US,1765 West Oak Parkway,,,,TRUE,FALSE,6/1/25,1
7815,3ga00016,TRUE,,Marietta,GA,30062,US,1775 West Oak Parkway,,,,TRUE,FALSE,6/1/25,1
7841,3ga00017,TRUE,,Duluth,GA,30096,US,1950 Evergreen Boulevard,,,,TRUE,FALSE,6/1/25,1
7817,3ga00018,TRUE,,Duluth,GA,30096,US,1955 Evergreen Blvd,,,,TRUE,FALSE,6/1/25,1
7818,3ga00019,TRUE,,Duluth,GA,30096,US,1965 Evergreen Boulevard,,,,TRUE,FALSE,6/1/25,1
7839,3ga00020,TRUE,,Norcross,GA,30071,US,3140 Northwoods Parkway,,,,TRUE,FALSE,6/1/25,1
7833,3ga00021,TRUE,,Norcross,GA,30071,US,3145 Northwoods Parkway,,,,TRUE,FALSE,6/1/25,1
3736,3il00001,TRUE,,Addison,IL,60101,US,410 Factory,,,,TRUE,FALSE,6/1/25,1
3741,3il00002,TRUE,,Northlake,IL,60164,US,150-152 Railroad,,,,TRUE,FALSE,6/1/25,1
3798,3il00003,TRUE,,Chicago,IL,60608,US,2100 W 32nd,,,,TRUE,FALSE,6/1/25,1
3799,3il00004,TRUE,,Waukegan,IL,60085,US,3380 Grand Ave,,,,TRUE,FALSE,6/1/25,1
4125,3il00005,TRUE,,Elk Grove Village,IL,60007,US,955 Estes Avenue,,,,TRUE,FALSE,6/1/25,1
4130,3il00006,TRUE,,Elk Grove Village,IL,60007,US,1221 Landmeier,,,,TRUE,FALSE,6/1/25,1
4192,3il00007,TRUE,,Elk Grove Village,IL,60007,US,800-812 Greenleaf Avenue,,,,TRUE,FALSE,6/1/25,1
6607,3il00008,TRUE,,Lombard,IL,60148,US,1064 N Garfield,,,,TRUE,FALSE,6/1/25,1
6676,3il00009,TRUE,,La Grange Park,IL,60526,US,825 26th Street,,,,TRUE,FALSE,6/1/25,1
7014,3il00010,TRUE,,St. Charles,IL,60174,US,3605 Swenson Ave,,,,TRUE,FALSE,6/1/25,1
7016,3il00011,TRUE,,Naperville,IL,60563,US,1670 Frontenac Road,,,,TRUE,FALSE,6/1/25,1
7018,3il00012,TRUE,,Naperville,IL,60563,US,1674 Frontenac Rd,,,,TRUE,FALSE,6/1/25,1
7369,3il00013,TRUE,,Romeoville,IL,60446,US,1265 Naperville Drive,,,,TRUE,FALSE,6/1/25,1
7695,3il00014,TRUE,,Schaumburg,IL,60193,US,600 W Irving Park Road,,,,TRUE,FALSE,6/1/25,1
7779,3il00015,TRUE,,Waukegan,IL,60087,US,3801-31 Hawthorne Court,,,,TRUE,FALSE,6/1/25,1
7781,3il00016,TRUE,,Itasca,IL,60143,US,750 District Drive,,,,TRUE,FALSE,6/1/25,1
3633,3md00001,TRUE,,Columbia,MD,21045,US,9176 Red Branch,,,,TRUE,FALSE,6/1/25,1
3714,3md00002,TRUE,,Glen Burnie,MD,21060,US,6704 Curtis,,,,TRUE,FALSE,6/1/25,1
4079,3md00003,TRUE,,Nottingham,MD,21236,US,8361 Town Center Court,,,,TRUE,FALSE,6/1/25,1
4115,3md00004,TRUE,,Windsor Mill,MD,21244,US,7120 Ambassador Road,,,,TRUE,FALSE,6/1/25,1
5727,3md00005,TRUE,,Cockeysville,MD,21030,US,221 Cockeysville Road,,,,TRUE,FALSE,6/1/25,1
6142,3md00006,TRUE,,Baltimore,MD,21223,US,2915 Wilmarco Ave,,,,TRUE,FALSE,6/1/25,1
6655,3md00007,TRUE,,Baltimore,MD,21223,US,1200 Bernard Drive,,,,TRUE,FALSE,6/1/25,1
4727,3nc00001,TRUE,,Pineville,NC,28134,US,10000 Industrial Drive,,,,TRUE,FALSE,6/1/25,1
5457,3nc00002,TRUE,,Charlotte,NC,28206,US,4112 Joe Street,,,,TRUE,FALSE,6/1/25,1
5459,3nc00003,TRUE,,Charlotte,NC,28273,US,9701 Brookford Street,,,,TRUE,FALSE,6/1/25,1
5460,3nc00004,TRUE,,Charlotte,NC,28273,US,2101 Westinghouse Boulevard,,,,TRUE,FALSE,6/1/25,1
5726,3nc00005,TRUE,,Charlotte,NC,28208,US,2200 Executive Street,,,,TRUE,FALSE,6/1/25,1
5819,3nc00006,TRUE,,Mooresville,NC,28115,US,464 East Plaza Drive,,,,TRUE,FALSE,6/1/25,1
6077,3nc00007,TRUE,,Charlotte,NC,28269,US,12210 Vance Davis,,,,TRUE,FALSE,6/1/25,1
6078,3nc00008,TRUE,,Charlotte,NC,28269,US,12140 Vance Davis,,,,TRUE,FALSE,6/1/25,1
3569,3nj00001,TRUE,,Union,NJ,7083,US,1000 Brighton Street,,,,TRUE,FALSE,6/1/25,1
3649,3nj00002,TRUE,,Oakland,NJ,7436,US,153 Bauer Drive,,,,TRUE,FALSE,6/1/25,1
3740,3nj00003,TRUE,,Wayne,NJ,7470,US,26 Hanes Drive,,,,TRUE,FALSE,6/1/25,1
4077,3nj00004,TRUE,,Moorestown,NJ,8057,US,1253 Glen Avenue,,,,TRUE,FALSE,6/1/25,1
4076,3nj00005,TRUE,,Paulsboro,NJ,8066,US,1425 Grandview Avenue,,,,TRUE,FALSE,6/1/25,1
4722,3nj00006,TRUE,,Branchburg,NJ,8876,US,3140 Route 22,,,,TRUE,FALSE,6/1/25,1
4818,3nj00007,TRUE,,Ridgefield,NJ,7657,US,1145 Edgewater Ave,,,,TRUE,FALSE,6/1/25,1
4819,3nj00008,TRUE,,Ridgefield,NJ,7657,US,1125 Hendricks Causeway,,,,TRUE,FALSE,6/1/25,1
5074,3nj00009,TRUE,,Swedesboro,NJ,8085,US,1654 High Hill Road,,,,TRUE,FALSE,6/1/25,1
5710,3nj00010,TRUE,,Allendale,NJ,7401,US,1 Pearl Court,,,,TRUE,FALSE,6/1/25,1
5711,3nj00011,TRUE,,Allendale,NJ,7401,US,2 Pearl Court,,,,TRUE,FALSE,6/1/25,1
5712,3nj00012,TRUE,,Allendale,NJ,7401,US,3 Pearl Court,,,,TRUE,FALSE,6/1/25,1
5714,3nj00013,TRUE,,Allendale,NJ,7401,US,5 Pearl Court,,,,TRUE,FALSE,6/1/25,1
5715,3nj00014,TRUE,,Allendale,NJ,7401,US,6 Pearl Court,,,,TRUE,FALSE,6/1/25,1
5716,3nj00015,TRUE,,Allendale,NJ,7401,US,7 Pearl Court,,,,TRUE,FALSE,6/1/25,1
5717,3nj00016,TRUE,,Allendale,NJ,7401,US,59 Route 17,,,,TRUE,FALSE,6/1/25,1
5729,3nj00017,TRUE,,Mahwah,NJ,7430,US,16 McKee Drive,,,,TRUE,FALSE,6/1/25,1
5731,3nj00018,TRUE,,Mahwah,NJ,7430,US,91 McKee Drive,,,,TRUE,FALSE,6/1/25,1
5733,3nj00019,TRUE,,Mahwah,NJ,7430,US,70-82 McKee Drive,,,,TRUE,FALSE,6/1/25,1
6214,3nj00020,TRUE,,Branchburg,NJ,8876,US,200-204 Evans Way,,,,TRUE,FALSE,6/1/25,1
6224,3nj00021,TRUE,,Fairfield,NJ,7004,US,12 Daniel Road,,,,TRUE,FALSE,6/1/25,1
6605,3nj00022,TRUE,,New Brunswick,NJ,8901,US,"705, 695, 699, 569/625 Joyce Kilmer Ave.",,,,TRUE,FALSE,6/1/25,1
6639,3nj00023,TRUE,,Greenwich Township,NJ,8027,US,"Block 255, Lot 1.02, Swedesboro Road",,,,TRUE,FALSE,6/1/25,1
6670,3nj00024,TRUE,,Fairfield,NJ,7004,US,15 Gloria Lane,,,,TRUE,FALSE,6/1/25,1
7020,3nj00025,TRUE,,East Hanover,NJ,7936,US,17 Farinella Drive,,,,TRUE,FALSE,6/1/25,1
7025,3nj00026,TRUE,,East Hanover,NJ,7936,US,23 Farinella Drive,,,,TRUE,FALSE,6/1/25,1
7364,3nj00027,TRUE,,Westville,NJ,8093,US,601 Ryan Avenue,,,,TRUE,FALSE,6/1/25,1
7706,3nj00028,TRUE,,Somerset,NJ,8873,US,155 Pierce Street,,,,TRUE,FALSE,6/1/25,1
7720,3nj00029,TRUE,,Fairfield,NJ,7004,US,6 Evans Street,,,,TRUE,FALSE,6/1/25,1
7850,3nj00030,TRUE,,Wharton,NJ,7801,US,321 Richard Mine Road,,,,TRUE,FALSE,6/1/25,1
7853,3nj00031,TRUE,,Rockaway,NJ,7866,US,100 Forge Way,,,,TRUE,FALSE,6/1/25,1
7855,3nj00032,TRUE,,Rockaway,NJ,7866,US,200 Forge Way,,,,TRUE,FALSE,6/1/25,1
7857,3nj00033,TRUE,,Rockaway,NJ,7866,US,300 Forge Way,,,,TRUE,FALSE,6/1/25,1
7859,3nj00034,TRUE,,Rockaway,NJ,7866,US,400 Forge Way,,,,TRUE,FALSE,6/1/25,1
7868,3nj00035,TRUE,,New Brunswick,NJ,8901,US,569 Joyce Kilmer Avenue,,,,TRUE,FALSE,6/1/25,1
6650,3njd1,TRUE,,,,,United States,"FIVF-III-NJD1, LP",,,,FALSE,FALSE,6/1/25,1
3800,3ny00001,TRUE,,Brentwood,NY,11717,US,180 Heartland Blvd,,,,TRUE,FALSE,6/1/25,1
6282,3ny00002,TRUE,,Farmingdale,NY,11735,US,120-200 Adams Blvd,,,,TRUE,FALSE,6/1/25,1
6627,3ny00003,TRUE,,Hauppauge,NY,11788,US,180 Motor Parkway,,,,TRUE,FALSE,6/1/25,1
7758,3ny00004,TRUE,,Melville,NY,11747,US,130 Baylis Rd,,,,TRUE,FALSE,6/1/25,1
3737,3oh00001,TRUE,,Columbus,OH,43209,US,2060-2098 N Integrity Dr,,,,TRUE,FALSE,6/1/25,1
4078,3oh00002,TRUE,,Fairfield,OH,45014,US,2701 Bobmeyer Rd,,,,TRUE,FALSE,6/1/25,1
5070,3oh00003,TRUE,,Columbus,OH,43209,US,3232 Allegheny Avenue,,,,TRUE,FALSE,6/1/25,1
5788,3oh00004,TRUE,,Cincinnati,OH,45245,US,4000-4024 Precision Dr,,,,TRUE,FALSE,6/1/25,1
6291,3oh00005,TRUE,,Columbus,OH,43229,US,4848 Evanswood Drive,,,,TRUE,FALSE,6/1/25,1
6561,3oh00006,TRUE,,Fairfield,OH,45014,US,8490 Seward Road,,,,TRUE,FALSE,6/1/25,1
7378,3oh00007,TRUE,,Columbus,OH,43228,US,1711-1715 Georgesville Rd,,,,TRUE,FALSE,6/1/25,1
7790,3oh00008,TRUE,,Columbus,OH,43217,US,6951 Alan Schwarzwalder Street,,,,TRUE,FALSE,6/1/25,1
7811,3oh00009,TRUE,,Columbus,OH,43228,US,1299 Boltonfield St,,,,TRUE,FALSE,6/1/25,1
3630,3pa00001,TRUE,,Norristown,PA,19401,US,9 S. Forrest Avenue,,,,TRUE,FALSE,6/1/25,1
4797,3pa00002,TRUE,,Bensalem,PA,19021,US,3100 Marwin Rd,,,,TRUE,FALSE,6/1/25,1
7040,3pa00003,TRUE,,Folcroft,PA,19032,US,801 Primos Avenue,,,,TRUE,FALSE,6/1/25,1
7737,3pa00004,TRUE,,Bristol,PA,19007,US,150 Rittenhouse Circle,,,,TRUE,FALSE,6/1/25,1
7794,3pa00005,TRUE,,Bristol,PA,19007,US,411 Sinclair Road,,,,TRUE,FALSE,6/1/25,1
7861,3pa00006,TRUE,,King of Prussia,PA,19406,US,260-280 Hansen Access Road,,,,TRUE,FALSE,6/1/25,1
3643,3tn00001,TRUE,,Memphis,TN,38118,US,3338-3352 Democrat,,,,TRUE,FALSE,6/1/25,1
3644,3tn00002,TRUE,,Memphis,TN,38118,US,3298 Democrat,,,,TRUE,FALSE,6/1/25,1
3645,3tn00003,TRUE,,Memphis,TN,38118,US,3276 Democrat,,,,TRUE,FALSE,6/1/25,1
3646,3tn00004,TRUE,,Memphis,TN,38118,US,3272 Democrat,,,,TRUE,FALSE,6/1/25,1
3647,3tn00005,TRUE,,Memphis,TN,38118,US,3262-3268 Democrat,,,,TRUE,FALSE,6/1/25,1
6563,3tn00006,TRUE,,Memphis,TN,38118,US,3696 Knight Road,,,,TRUE,FALSE,6/1/25,1
6565,3tn00007,TRUE,,Memphis,TN,38141,US,5465 E Raines,,,,TRUE,FALSE,6/1/25,1
6567,3tn00008,FALSE,,Memphis,TN,38115,US,5425 E Raines,,,12/26/24,TRUE,FALSE,6/1/25,1
6569,3tn00009,FALSE,,Memphis,TN,38141,US,5445 E Raines,,,12/26/24,TRUE,FALSE,6/1/25,1
6571,3tn00010,TRUE,,Memphis,TN,38115,US,4105 S Mendenhall Road,,,,TRUE,FALSE,6/1/25,1
6573,3tn00011,TRUE,,Memphis,TN,38118,US,4287 Delp Street,,,,TRUE,FALSE,6/1/25,1
6575,3tn00012,TRUE,,Memphis,TN,38118,US,3845 Crowfarn Drive,,,,TRUE,FALSE,6/1/25,1
6577,3tn00013,TRUE,,Memphis,TN,38118,US,4026-4080 Senator Street,,,,TRUE,FALSE,6/1/25,1
6579,3tn00014,TRUE,,Memphis,TN,38118,US,3755 Knight Arnold Road,,,,TRUE,FALSE,6/1/25,1
6593,3tn00015,TRUE,,Memphis,TN,38118,US,4519 Old Lamar Avenue,,,,TRUE,FALSE,6/1/25,1
6594,3tn00016,TRUE,,Memphis,TN,38118,US,4133-4175 Senator St,,,,TRUE,FALSE,6/1/25,1
6595,3tn00017,TRUE,,Memphis,TN,38118,US,4179-4189 Senator St,,,,TRUE,FALSE,6/1/25,1
6596,3tn00018,TRUE,,Memphis,TN,38118,US,4533 Old Lamar Ave,,,,TRUE,FALSE,6/1/25,1
3818,3tx00001,TRUE,,Dallas,TX,75228,US,12621-12623 International Pkwy,,,,TRUE,FALSE,6/1/25,1
3836,3tx00002,TRUE,,Grand Prairie,TX,75051,US,1801 S. GSW Parkway,,,,TRUE,FALSE,6/1/25,1
4170,3tx00003,TRUE,,Grand Prairie,TX,75050,US,2300 E Randol Mill Road,,,,TRUE,FALSE,6/1/25,1
4171,3tx00004,TRUE,,Irving,TX,75062,US,2220 Chemsearch Blvd,,,,TRUE,FALSE,6/1/25,1
4172,3tx00005,TRUE,,Coppell,TX,75019,US,1111 Northpoint Drive,,,,TRUE,FALSE,6/1/25,1
4173,3tx00006,TRUE,,Farmers Branch,TX,75234,US,1601 Valley View Lane,,,,TRUE,FALSE,6/1/25,1
4174,3tx00007,TRUE,,Richardson,TX,75081,US,1460 N Glenville Drive,,,,TRUE,FALSE,6/1/25,1
4175,3tx00008,TRUE,,Lewisville,TX,75057,US,1301 Ridgeview Drive,,,,TRUE,FALSE,6/1/25,1
4176,3tx00009,FALSE,,Coppell,TX,75019,US,631 S Royal Lane,,,1/30/25,TRUE,FALSE,6/1/25,1
5086,3tx00010,TRUE,,Garland,TX,75042,US,1501 Kings Road,,,,TRUE,FALSE,6/1/25,1
5087,3tx00011,TRUE,,Carrollton,TX,75006,US,1101 Venture Ct.,,,,TRUE,FALSE,6/1/25,1
5088,3tx00012,TRUE,,Farmers Branch,TX,75244,US,4525 McEwen Road,,,,TRUE,FALSE,6/1/25,1
5089,3tx00013,TRUE,,Farmers Branch,TX,75244,US,4450 Alpha Road,,,,TRUE,FALSE,6/1/25,1
6156,3tx00014,TRUE,,Dallas,TX,75238,US,10755 Sanden Drive,,,,TRUE,FALSE,6/1/25,1
6163,3tx00015,TRUE,,Richardson,TX,75081,US,1800-20 N Glenville Drive,,,,TRUE,FALSE,6/1/25,1
6610,3tx00016,TRUE,,Dallas,TX,75065,US,250 Swisher Rd,,,,TRUE,FALSE,6/1/25,1
6666,3tx00017,TRUE,,Fort Worth,TX,76119,US,2901 S. Cravens Rd.,,,,TRUE,FALSE,6/1/25,1
6667,3tx00018,TRUE,,Fort Worth,TX,76119,US,6151 Cowley Road,,,,TRUE,FALSE,6/1/25,1
6668,3tx00019,TRUE,,Fort Worth,TX,76119,US,2833 S Cravens Road,,,,TRUE,FALSE,6/1/25,1
7845,3tx00021,TRUE,,Irving,TX,75038,US,1720 Hurd Drive,,,,TRUE,FALSE,6/1/25,1
7846,3tx00022,TRUE,,Farmers Branch,TX,75244,US,14271 Welch Road,,,,TRUE,FALSE,6/1/25,1
7847,3tx00023,TRUE,,Farmers Branch,TX,75244,US,14281-14289 Welch Road,,,,TRUE,FALSE,6/1/25,1
6642,3txd1,TRUE,,,,,United States,FIVF-III-TXD1 LP,,,,FALSE,FALSE,6/1/25,1
7891,4d0001,TRUE,,,,,US,Debt - 1255 Archer Drive,,,,TRUE,FALSE,6/1/25,1
7952,4nj00001,TRUE,,Florham Park,NJ,7932,US,5 Vreeland Road,,,,TRUE,FALSE,6/1/25,1
7894,4tx00001,TRUE,,Garland,TX,75041,US,2405 S Shiloh Rd,,,,TRUE,FALSE,6/1/25,1
6201,iny001,TRUE,,Deer Park,NY,11729,US,105 E Jefryn Blvd,,,,TRUE,FALSE,6/1/25,1
6653,iny002,TRUE,,Bohemia,NY,11716,US,1800 Arctic Avenue,,,,TRUE,FALSE,6/1/25,1
7734,ioh001,TRUE,,Columbus,OH,43207,US,2042 Camaro Ave,,,,TRUE,FALSE,6/1/25,1
6558,islb_agg,TRUE,,,,,United States,"Faropoint Industrial SLB Club Aggregator, LP",,,,FALSE,FALSE,6/1/25,1
6647,islb_co,TRUE,,,,,United States,Faropoint Industrial SLB (CO Facility) LP,,,,FALSE,FALSE,6/1/25,1
7716,islb_gp,TRUE,,,,,United States,"Faropoint Industrial SLB Fund GP, LP",,,,FALSE,FALSE,6/1/25,1
6559,islb_lp,TRUE,,,,,United States,"Faropoint Industrial SLB Fund, LP",,,,FALSE,FALSE,6/1/25,1
6280,islb_opr,TRUE,,,,,United States,"Faropoint Industrial SLB Fund Operating, LP (DE)",,,,FALSE,FALSE,6/1/25,1
6583,islb_pl,TRUE,,,,,United States,Faropoint Industrial SLB Fund Parallel LP,,,,FALSE,FALSE,6/1/25,1
7877,islb_pl2,TRUE,,,,,United States,"Faropoint Industrial SLB Club Parallel 2, LP",,,,FALSE,FALSE,6/1/25,1
6648,islb_pro,TRUE,,,,,United States,"Faropoint Industrial SLB Property CO GP, LLC",,,,FALSE,FALSE,6/1/25,1
6557,islb_ret,TRUE,,,,,United States,"Faropoint Industrial SLB Club REIT, LLC",,,,FALSE,FALSE,6/1/25,1
6590,islb_rtb,TRUE,,,,,United States,"Faropoint Industrial SLB Club Blocker, LP",,,,FALSE,FALSE,6/1/25,1
7003,islb_slp,TRUE,,,,,United States,"Faropoint Industrial SLB Club SLP, LLC",,,,FALSE,FALSE,6/1/25,1
6991,islb-ga,TRUE,,,,,United States,"Faropoint ISLB Club-GA1, LLC",,,,FALSE,FALSE,6/1/25,1
6211,islb-ga1,TRUE,,,,,United States,"Faropoint Industrial SLB Club-CO-GA1, LLC",,,,FALSE,FALSE,6/1/25,1
7744,islb-ga3,TRUE,,,,,United States,"FISLB-GA3, LLC",,,,FALSE,FALSE,6/1/25,1
7793,islb-il1,TRUE,,,,,United States,"FISLB-IL1, LLC",,,,FALSE,FALSE,6/1/25,1
6210,islb-nc1,TRUE,,,,,United States,"Faropoint Industrial SLB Club-CO-NC1, LLC",,,,FALSE,FALSE,6/1/25,1
6212,islb-nj1,TRUE,,,,,United States,"Faropoint Industrial SLB Club-NJ1, LLC",,,,FALSE,FALSE,6/1/25,1
7380,islb-nj2,TRUE,,,,,United States,"FISLB-NJ2, LLC",,,,FALSE,FALSE,6/1/25,1
6213,islb-ny1,TRUE,,,,,United States,"Faropoint Industrial SLB Club-CO-NY1, LLC",,,,FALSE,FALSE,6/1/25,1
6990,islb-ny2,TRUE,,,,,United States,"Faropoint ISLB Club-NY2, LLC",,,,FALSE,FALSE,6/1/25,1
7745,islb-oh1,TRUE,,,,,United States,"FISLB-OH1, LLC",,,,FALSE,FALSE,6/1/25,1
7878,islbrtb2,TRUE,,,,,United States,"Faropoint Industrial SLB Club Blocker 2, LP",,,,FALSE,FALSE,6/1/25,1
4729,marysol,TRUE,,,,,United States,"Mary Solar, LLC",,,,FALSE,FALSE,6/1/25,1
6151,nwbcblk1,TRUE,,,,,United States,"NWBC (US Blocker I), LLC2 (DE)",,,,FALSE,FALSE,6/1/25,1
6152,nwbcblk2,TRUE,,,,,United States,"NWBC (US Blocker II), LLC2 (DE)",,,,FALSE,FALSE,6/1/25,1
6155,nwbcfdra,TRUE,,,,,United States,"NWBC Feeder A, LP",,,,FALSE,FALSE,6/1/25,1
6154,nwbcfdrb,TRUE,,,,,United States,"NWBC Feeder B, LP",,,,FALSE,FALSE,6/1/25,1
6149,nwbcjvla,TRUE,,,,,United States,"NWBC JV, (DE) A (Allendale)",,,,FALSE,FALSE,6/1/25,1
6150,nwbcjvlb,TRUE,,,,,United States,"NWBC JV, (DE) B (Mahwah)",,,,FALSE,FALSE,6/1/25,1
6146,nwbcjvlp,TRUE,111 River Street Ste 1010,Hoboken,NJ,7030,United States,NWBC JV LP,,,,FALSE,FALSE,6/1/25,1
6153,nwbcofbk,TRUE,,,,,United States,"NWBC (Offshore Blocker), LP (Ontario)",,,,FALSE,FALSE,6/1/25,1
3279,ohkem131,FALSE,,Cincinnati,OH,45240,US,1310 Kemper Meadow Drive,,,5/16/22,TRUE,FALSE,6/1/25,1
3280,ohkem132,FALSE,,Cincinnati,OH,45240,US,1320 Kemper Meadow Drive,,,5/16/22,TRUE,FALSE,6/1/25,1
3281,ohkem133,FALSE,,Cincinnati,OH,45240,US,1330 Kemper Meadow Drive,,,5/16/22,TRUE,FALSE,6/1/25,1
7832,orleans,TRUE,,Hoboken,NJ,7030,US,Orlean TN Realty Holding,,,,TRUE,FALSE,6/1/25,1
1459,padun003,FALSE,,Philadelphia,PA,19111,US,7746 Dungan Road,,,6/22/22,TRUE,FALSE,6/1/25,1
7043,poplartn,TRUE,,,,,United States,Poplar Towers TN Realty Holdings LLC,,,,FALSE,FALSE,6/1/25,1
3359,reit-h-x,TRUE,,,,,United States,FRG-X (REIT HOLDINGS) LP (US LP),,,,FALSE,FALSE,6/1/25,1
3360,reit-lpx,TRUE,,,,,United States,FRG-X (REIT) LP (US LP-REIT),,,,FALSE,FALSE,6/1/25,1
3288,tx4b6810,FALSE,,Houston,TX,77066,US,6810 Bourgeois Road,,,5/16/22,TRUE,FALSE,6/1/25,1
3289,tx4b6812,FALSE,,Houston,TX,77066,US,6812 Bourgeois Road,,,5/16/22,TRUE,FALSE,6/1/25,1
3290,tx4b6814,FALSE,,Houston,TX,77066,US,6814 Bourgeois Road,,,5/16/22,TRUE,FALSE,6/1/25,1
3291,tx4b6816,FALSE,,Houston,TX,77066,US,6816 Bourgeois Road,,,5/16/22,TRUE,FALSE,6/1/25,1
3292,tx4b6818,FALSE,,Houston,TX,77066,US,6818 Bourgeois Road,,,5/16/22,TRUE,FALSE,6/1/25,1
3293,tx4b6820,FALSE,,Houston,TX,77066,US,6820 Bourgeois Road,,,5/16/22,TRUE,FALSE,6/1/25,1
3294,tx4b6824,FALSE,,Houston,TX,77066,US,6824 Bourgeois Road,,,5/16/22,TRUE,FALSE,6/1/25,1
3295,tx4b6826,FALSE,,Houston,TX,77066,US,6826 Bourgeois Road,,,5/16/22,TRUE,FALSE,6/1/25,1
3296,tx4b6830,FALSE,,Houston,TX,77066,US,6830 Bourgeois Road,,,5/16/22,TRUE,FALSE,6/1/25,1
3297,tx4b6832,FALSE,,Houston,TX,77066,US,6832 Bourgeois Road,,,5/16/22,TRUE,FALSE,6/1/25,1
3298,tx4b6834,FALSE,,Houston,TX,77066,US,6834 Bourgeois Road,,,5/16/22,TRUE,FALSE,6/1/25,1
3299,tx4b6836,FALSE,,Houston,TX,77066,US,6836 Bourgeois Road,,,5/16/22,TRUE,FALSE,6/1/25,1
3300,tx4b6838,FALSE,,Houston,TX,77066,US,6838 Bourgeois Road,,,5/16/22,TRUE,FALSE,6/1/25,1
3285,tx4can02,TRUE,,Houston,TX,77066,US,11602 Canyon Trail Drive,,,,TRUE,FALSE,6/1/25,1
3286,tx4can06,TRUE,,Houston,TX,77066,US,11606 Canyon Trail Drive,,,,TRUE,FALSE,6/1/25,1
3287,tx4can14,TRUE,,Houston,TX,77066,US,11614 Canyon Trail Drive,,,,TRUE,FALSE,6/1/25,1
3283,txmil510,FALSE,,Houston,TX,77092,US,5101 Milwee Street,,,5/3/22,TRUE,FALSE,6/1/25,1
3282,txmil511,FALSE,,Houston,TX,77092,US,5111 Milwee Street,,,5/16/22,TRUE,FALSE,6/1/25,1
3284,txmil515,FALSE,,Houston,TX,77092,US,5151 Milwee Street,,,5/16/22,TRUE,FALSE,6/1/25,1
7373,ventures,TRUE,,,,,United States,Faropoint Ventures,,,,FALSE,FALSE,6/1/25,1
2723,xfl11660,TRUE,,Jacksonville,FL,32224,US,11660 Central Parkway,,,,TRUE,FALSE,6/1/25,1
3636,xfl3333c,FALSE,,Jacksonville,FL,32209,US,3333 N Canal Street,,,6/18/24,TRUE,FALSE,6/1/25,1
3650,xfl333n6,FALSE,,Miami,FL,33142,US,3330 NW 60th St,,,6/27/22,TRUE,FALSE,6/1/25,1
2722,xfl3900w,FALSE,,Tampa,FL,33611,US,3900 West Coachman Avenue,,,7/12/24,TRUE,FALSE,6/1/25,1
3308,xfl420sw,TRUE,,Tampa,FL,33619,US,420 S. Ware Boulevard,,,,TRUE,FALSE,6/1/25,1
2993,xfl4646g,FALSE,,Tampa,FL,33611,US,4646 South Grady Avenue,,,7/12/24,TRUE,FALSE,6/1/25,1
7022,xfl6704n,TRUE,,Tampa,FL,33610,US,6704 N 54th St,,,,TRUE,FALSE,6/1/25,1
3278,xfl7720p,TRUE,,Jacksonville,FL,32256,US,7720 Philips Highway,,,,TRUE,FALSE,6/1/25,1
1379,xflstuar,TRUE,,Jacksonville,FL,32254,US,6959 Stuart Avenue,4/15/22,,,TRUE,FALSE,6/1/25,1
4075,xga1145b,TRUE,,Jonesboro,GA,30236,US,1145 Battlecreek Road,,,,TRUE,FALSE,6/1/25,1
1732,xga1157,TRUE,,Jonesboro,GA,30236,US,1157 Battlecreek Road,,,,TRUE,FALSE,6/1/25,1
1670,xga130j,TRUE,,Atlanta,GA,30336,US,130 James Aldredge Boulevard,,,,TRUE,FALSE,6/1/25,1
3670,xga1585r,TRUE,,Stone Mountain,GA,30083,US,1585 Roadhaven Drive,,,,TRUE,FALSE,6/1/25,1
3631,xga1610s,TRUE,,Lawrenceville,GA,30043,US,1610 Spectrum Drive,,,,TRUE,FALSE,6/1/25,1
1894,xga2100b,TRUE,,Duluth,GA,30096,US,2100 Boggs Road,,,,TRUE,FALSE,6/1/25,1
1689,xga265c,TRUE,,Cumming,GA,30319,US,265 Castleberry Industrial Drive,,,,TRUE,FALSE,6/1/25,1
3632,xga2900j,TRUE,,Peachtree Corners,GA,30071,US,2900 Jones Mill,,,,TRUE,FALSE,6/1/25,1
3729,xga3100j,TRUE,,Smyrna,GA,30080,US,3100 Jonquil Drive,,,,TRUE,FALSE,6/1/25,1
3273,xga3350h,TRUE,,Atlanta,GA,30354,US,3350 Hamilton Boulevard,,,,TRUE,FALSE,6/1/25,1
3623,xga3471a,TRUE,,Atlanta,GA,30331,US,3471 Atlanta Industrial Parkway,,,,TRUE,FALSE,6/1/25,1
3668,xga3651c,TRUE,,Doraville,GA,30340,US,3651 Clearview Place,,,,TRUE,FALSE,6/1/25,1
3356,xga401wi,TRUE,,Atlanta,GA,30312,US,401 Windsor Street SW,,,,TRUE,FALSE,6/1/25,1
1681,xga4225,TRUE,,Norcross,GA,30319,US,4225 Phil Niekro Parkway,,,,TRUE,FALSE,6/1/25,1
3635,xga4450c,TRUE,,Atlanta,GA,30336,US,4450 Commerce Circle,,,,TRUE,FALSE,6/1/25,1
1886,xga4507m,TRUE,,Atlanta,GA,30319,US,4507 Mills Place,,,,TRUE,FALSE,6/1/25,1
2990,xga4600f,TRUE,,Atlanta,GA,30036,US,4600&4630 Frederick Drive,,,,TRUE,FALSE,6/1/25,1
1696,xga4601,FALSE,,College Park,GA,30349,US,4601 Welcome All Road,,,8/1/23,TRUE,FALSE,6/1/25,1
1892,xga4680n,TRUE,,Tucker,GA,30084,US,4680 North Royal Atlanta Drive,,,,TRUE,FALSE,6/1/25,1
1733,xga5070,TRUE,,Stonecrest,GA,30038,US,5070 Minola Drive,,,,TRUE,FALSE,6/1/25,1
1893,xga5121b,TRUE,,Norcross,GA,30071,US,5121 Buford Highway,,,,TRUE,FALSE,6/1/25,1
1897,xga800in,TRUE,,Marietta,GA,30062,US,800-850 Industrial Park Drive,,,,TRUE,FALSE,6/1/25,1
2721,xga800wh,TRUE,,Atlanta,GA,30336,US,800 Wharton Drive,,,,TRUE,FALSE,6/1/25,1
1679,xga9330,TRUE,,Alpharetta,GA,30319,US,9330 Industrial Trace,,,,TRUE,FALSE,6/1/25,1
3376,xga9335i,TRUE,,Alpharetta,GA,30004,US,9335 Industrial Trace,,,,TRUE,FALSE,6/1/25,1
1754,xgadors,FALSE,,Marietta,GA,30066,US,2009 Dorsey Road,,,2/13/24,TRUE,FALSE,6/1/25,1
1391,xgahire1,TRUE,,Decatur,GA,30030,US,196 Rio Circle,,,,TRUE,FALSE,6/1/25,1
1392,xgahire2,TRUE,,Decatur,GA,30030,US,201 Laredo Drive,,,,TRUE,FALSE,6/1/25,1
1393,xgahire3,TRUE,,Decatur,GA,30030,US,210 Rio Circle,,,,TRUE,FALSE,6/1/25,1
1394,xgahire4,TRUE,,Decatur,GA,30030,US,224 Rio Circle,,,,TRUE,FALSE,6/1/25,1
1395,xgahire5,TRUE,,Decatur,GA,30030,US,246 Rio Circle,,,,TRUE,FALSE,6/1/25,1
1396,xgahire6,TRUE,,Decatur,GA,30030,US,252 Rio Circle,,,,TRUE,FALSE,6/1/25,1
1397,xgahire7,TRUE,,Decatur,GA,30030,US,2980 Pine Street,,,,TRUE,FALSE,6/1/25,1
1398,xgahire8,TRUE,,Decatur,GA,30030,US,3000 Pine Street,,,,TRUE,FALSE,6/1/25,1
1640,xgamc200,TRUE,,Acworth,GA,30101,US,4200 McEver Drive,,,,TRUE,FALSE,6/1/25,1
1641,xgamc220,TRUE,,Acworth,GA,30101,US,4220 McEver Drive,,,,TRUE,FALSE,6/1/25,1
1642,xgamc255,TRUE,,Acworth,GA,30101,US,4255 McEver Drive,,,,TRUE,FALSE,6/1/25,1
1643,xgamc260,TRUE,,Acworth,GA,30101,US,4260 McEver Drive,,,,TRUE,FALSE,6/1/25,1
1590,xgashaw1,TRUE,,Hiram,GA,30141,US,986 Rosedale Dr,,,,TRUE,FALSE,6/1/25,1
1591,xgashaw2,TRUE,,Marietta,GA,30060,US,922 Mountain Ind Dr,,,,TRUE,FALSE,6/1/25,1
1592,xgashaw3,TRUE,,Marietta,GA,30060,US,899 Mountain Ind Dr,,,,TRUE,FALSE,6/1/25,1
1593,xgashaw4,TRUE,,Powder Springs,GA,30127,US,"3275 Florence Rd, Bldg 300",,,,TRUE,FALSE,6/1/25,1
1594,xgashaw5,TRUE,,Powder Springs,GA,30127,US,"3275 Florence Rd, Bldg 200",,,,TRUE,FALSE,6/1/25,1
1595,xgashaw6,TRUE,,Powder Springs,GA,30127,US,"3275 Florence Rd, Bldg 100",,,,TRUE,FALSE,6/1/25,1
2986,xil1000a,TRUE,,West Chicago,IL,60185,US,1000 Atlantic Drive,,,,TRUE,FALSE,6/1/25,1
3640,xil1000e,TRUE,,Chicago,IL,60619,US,1000 E 87th St,,,,TRUE,FALSE,6/1/25,1
2985,xil1001a,TRUE,,Elk Grove Village,IL,60007,US,1001 Arthur Avenue,,,,TRUE,FALSE,6/1/25,1
3738,xil1100h,TRUE,,Elk Grove Village,IL,60007,US,1100-1150 Howard,,,,TRUE,FALSE,6/1/25,1
1665,xil1111,TRUE,,Elgin,IL,60123,US,1111 Bowes Rd,,,,TRUE,FALSE,6/1/25,1
3377,xil11697,TRUE,,Northlake,IL,60164,US,11697 W Grand,,,,TRUE,FALSE,6/1/25,1
3626,xil1200p,TRUE,,Elk Grove Village,IL,60007,US,1200 Pratt Boulevard,,,,TRUE,FALSE,6/1/25,1
3301,xil121lo,TRUE,,Addison,IL,60101,US,121 South Lombard Road,,,,TRUE,FALSE,6/1/25,1
3548,xil141be,TRUE,,Bensenville,IL,60106,US,141-145 Bernice,,,,TRUE,FALSE,6/1/25,1
1663,xil1600,TRUE,,Hanover Park,IL,60133,US,1600 Hunter Rd,,,,TRUE,FALSE,6/1/25,1
3367,xil1600b,TRUE,,Des Plaines,IL,60018,US,1600 Birchwood Avenue,,,,TRUE,FALSE,6/1/25,1
1659,xil1601,FALSE,,Elk Grove Village,IL,60007,US,1601 Lunt Ave,,,2/29/24,TRUE,FALSE,6/1/25,1
3368,xil1630b,TRUE,,Des Plaines,IL,60018,US,1630 Birchwood Avenue,,,,TRUE,FALSE,6/1/25,1
1661,xil1688,TRUE,,Glendale Heights,IL,60139,US,1688 Glen Ellyn Rd,,,,TRUE,FALSE,6/1/25,1
3739,xil1701b,TRUE,,Des Plaines,IL,60018,US,1701 Birchwood,,,,TRUE,FALSE,6/1/25,1
1684,xil1951,FALSE,,Elk Grove Village,IL,60007,US,1951 Touhy Ave,,,12/2/21,TRUE,FALSE,6/1/25,1
1664,xil1terr,TRUE,,Bolingbrook,IL,60440,US,1 Territorial Court,,,,TRUE,FALSE,6/1/25,1
3547,xil201ja,TRUE,,Bensenville,IL,60106,US,201 James Street,,,,TRUE,FALSE,6/1/25,1
1734,xil2101,TRUE,,Elk Grove Village,IL,60007,US,2101 Arthur Avenue,,,,TRUE,FALSE,6/1/25,1
3669,xil222ja,TRUE,,Bensenville,IL,60106,US,222 James Street,,,,TRUE,FALSE,6/1/25,1
3545,xil231ja,TRUE,,Bensenville,IL,60106,US,231 James Street,,,,TRUE,FALSE,6/1/25,1
3546,xil240ja,FALSE,,Bensenville,IL,60106,US,240-252 James Street,,,12/19/23,TRUE,FALSE,6/1/25,1
1891,xil2500w,TRUE,,Chicago,IL,60612,US,2500 West Lake,,,,TRUE,FALSE,6/1/25,1
1789,xil250n,TRUE,,Chicago,IL,60612,US,250 North Washtenaw Avenue,,,,TRUE,FALSE,6/1/25,1
3639,xil2710l,FALSE,,Chicago,IL,60612,US,2710 W Lake St,,,11/13/23,TRUE,FALSE,6/1/25,1
1662,xil305e,TRUE,,Carol Stream,IL,60188,US,305 E North Ave,,,,TRUE,FALSE,6/1/25,1
1900,xil464no,TRUE,,Wheeling,IL,60090,US,464 Northgate Parkway,,,,TRUE,FALSE,6/1/25,1
1873,xil529t,TRUE,,Bensenville,IL,60106,US,529 Thomas Drive,,,,TRUE,FALSE,6/1/25,1
1874,xil700h,TRUE,,Glendale Heights,IL,60139,US,700 High Grove Boulevard,,,,TRUE,FALSE,6/1/25,1
1660,xil747,TRUE,,Elk Grove Village,IL,60007,US,747-777 Chase Ave,,,,TRUE,FALSE,6/1/25,1
1899,xil770ar,TRUE,,Elk Grove Village,IL,60007,US,770 Arthur Avenue,,,,TRUE,FALSE,6/1/25,1
3638,xil7760m,TRUE,,Niles,IL,60714,US,7760 N Merrimac,,,,TRUE,FALSE,6/1/25,1
1901,xil77whe,TRUE,,Wheeling,IL,60090,US,77 Wheeling Road,,,,TRUE,FALSE,6/1/25,1
1680,xil900b,TRUE,,Mt. Prospect,IL,60056,US,900 East Business Center Drive,,,,TRUE,FALSE,6/1/25,1
1645,xilmitch,TRUE,,Glandale Heights,IL,60139,US,561 Mitchell Ave,,,,TRUE,FALSE,6/1/25,1
1657,xilmount,TRUE,,Franklin Park,IL,60103,US,3325 Mount Prospect Road,,,,TRUE,FALSE,6/1/25,1
1902,xky4175a,TRUE,,Florence,KY,41042,US,4175 Aero ParkWay,,,,TRUE,FALSE,6/1/25,1
1683,xnj1010,TRUE,,Voorhees Township,NJ,8043,US,1010 Old Egg Harbor,,,,TRUE,FALSE,6/1/25,1
1735,xnj108n,TRUE,,Robbinsville,NJ,8691,US,108 North Gold Drive,,,,TRUE,FALSE,6/1/25,1
1788,xnj10tw,TRUE,,Moorestown,NJ,8057,US,10 Twosome Drive,,,,TRUE,FALSE,6/1/25,1
3351,xnj121hi,FALSE,,Woolwich Township,NJ,8085,US,121 High Hill Road-Unit B,,,3/31/23,TRUE,FALSE,6/1/25,1
3302,xnj121mo,TRUE,,Moonachie,NJ,7074,US,121 Moonachie Ave,,,,TRUE,FALSE,6/1/25,1
1878,xnj125al,TRUE,,Whippany,NJ,7981,US,125 Algonquin Parkway,12/17/21,,,TRUE,FALSE,6/1/25,1
1882,xnj128ba,TRUE,,Oakland,NJ,7436,US,128 Bauer Drive,12/17/21,,,TRUE,FALSE,6/1/25,1
1879,xnj145al,TRUE,,Whippany,NJ,7981,US,145 Algonquin Parkway,12/17/21,,,TRUE,FALSE,6/1/25,1
1898,xnj14rol,TRUE,,Mount Laurel,NJ,19130,US,14 Roland Avenue,,,,TRUE,FALSE,6/1/25,1
1785,xnj14th,TRUE,,Hamilton,NJ,8619,US,14-16 Thomas J Rhodes,,,,TRUE,FALSE,6/1/25,1
1880,xnj156al,TRUE,,Whippany,NJ,7981,US,156 Algonquin Parkway,12/17/21,,,TRUE,FALSE,6/1/25,1
1904,xnj1601s,TRUE,,Pennsauken,NJ,8110,US,1601-1641 Sherman Avenue,,,,TRUE,FALSE,6/1/25,1
1876,xnj17pol,TRUE,,Fairlawn,NJ,7410,US,17-01 Pollitt Drive,12/17/21,,,TRUE,FALSE,6/1/25,1
3728,xnj1803u,TRUE,,Delran,NJ,8075,US,1803 Underwood Boulevard,,,,TRUE,FALSE,6/1/25,1
3795,xnj1980o,TRUE,,Cherry Hill,NJ,8034,US,1980 Old Cuthbert Road,,,,TRUE,FALSE,6/1/25,1
3642,xnj19ind,TRUE,,Mahwah,NJ,7430,US,19 Industrial Avenue,,,,TRUE,FALSE,6/1/25,1
1877,xnj19nev,TRUE,,Fairlawn,NJ,7410,US,19-05 Nevins Road,12/17/21,,,TRUE,FALSE,6/1/25,1
2989,xnj200ri,TRUE,,Millstone,NJ,8535,US,200 Rike Drive,,,,TRUE,FALSE,6/1/25,1
1388,xnj2036b,TRUE,,Mount Laurel,NJ,8054,US,2036 Briggs Road,,,,TRUE,FALSE,6/1/25,1
3388,xnj2050h,TRUE,,Burlington,NJ,8016,US,20-50 Harkins Drive,,,,TRUE,FALSE,6/1/25,1
2987,xnj2075h,TRUE,,Logan Township,NJ,8085,US,2075 High Hill Road,,,,TRUE,FALSE,6/1/25,1
1787,xnj220r,TRUE,,Medford,NJ,8055,US,220 Route 70,,,,TRUE,FALSE,6/1/25,1
1387,xnj3001i,TRUE,,Mount Laurel,NJ,8054,US,3001 Irwin Road,,,,TRUE,FALSE,6/1/25,1
1881,xnj30les,TRUE,,Whippany,NJ,7981,US,30 Leslie Court,12/17/21,,,TRUE,FALSE,6/1/25,1
1677,xnj313c,TRUE,,Swedesboro,NJ,19130,US,313 Church Street,,,,TRUE,FALSE,6/1/25,1
1695,xnj390n,TRUE,,Moorestown,NJ,19102,US,390 New Albany Road,,,,TRUE,FALSE,6/1/25,1
3272,xnj400wa,TRUE,,Gloucester City,NJ,8030,US,400 Water Street,,,,TRUE,FALSE,6/1/25,1
1884,xnj40pot,TRUE,,Oakland,NJ,7436,US,40 Potash Road,12/17/21,,,TRUE,FALSE,6/1/25,1
1676,xnj420be,FALSE,,Bellmawr,NJ,8031,US,420 Benigno Boulevard,,,,TRUE,FALSE,6/1/25,1
1675,xnj440be,FALSE,,Bellmawr,NJ,8031,US,440 Benigno Boulevard,,,,TRUE,FALSE,6/1/25,1
1678,xnj52col,TRUE,,Blackwood,NJ,19102,US,52 Coles Road,,,,TRUE,FALSE,6/1/25,1
3637,xnj59cha,TRUE,,Somerville,NJ,8876,US,59 Chambers Brook Road,,,,TRUE,FALSE,6/1/25,1
1883,xnj5thor,TRUE,,Oakland,NJ,7436,US,5 Thornton Road,12/17/21,,,TRUE,FALSE,6/1/25,1
1389,xnj6000i,TRUE,,Mount Laurel,NJ,8054,US,6000 Irwin Road,,,,TRUE,FALSE,6/1/25,1
3667,xnj6900r,TRUE,,Pennsauken,NJ,8110,US,6900 River Road,,,,TRUE,FALSE,6/1/25,1
3374,xnj6925s,TRUE,,Pennsauken,NJ,7307,US,6925 Sherman Ave,,,,TRUE,FALSE,6/1/25,1
1674,xnj6965,TRUE,,Pennsauken,NJ,8109,US,6965 Airport Highway Lane,,,,TRUE,FALSE,6/1/25,1
3652,xnj70cat,TRUE,,Florence,NJ,8016,US,70 Cathy Lane,,,,TRUE,FALSE,6/1/25,1
1887,xnj740co,TRUE,,Delanco,NJ,8075,US,740 Coopertown Road,,,,TRUE,FALSE,6/1/25,1
1668,xnj7550,TRUE,,Pennsauken,NJ,8110,US,7550 North Crescent Boulevard,,,,TRUE,FALSE,6/1/25,1
1682,xnj845l,TRUE,,Moorestown,NJ,8057,US,845 Lancer Drive,,,,TRUE,FALSE,6/1/25,1
1673,xnj900k,FALSE,,Somerdale,NJ,8083,US,900 Kennedy Boulevard,,,,TRUE,FALSE,6/1/25,1
2994,xnj9100p,TRUE,,Pennsauken,NJ,8110,US,9100 Pennsauken Highway,,,,TRUE,FALSE,6/1/25,1
1885,xnj95bau,TRUE,,Oakland,NJ,7436,US,95 Bauer Drive,12/17/21,,,TRUE,FALSE,6/1/25,1
1655,xnjcentr,TRUE,,Pennsauken,NJ,8109,US,7055 W Central Highway,,,,TRUE,FALSE,6/1/25,1
1599,xnjmorri,FALSE,,Maple Shade,NJ,8052,US,14 Morris,,,10/9/24,TRUE,FALSE,6/1/25,1
1588,xnjmway0,TRUE,,Hainesport,NJ,8036,US,Mary Way Road,,,,TRUE,FALSE,6/1/25,1
1584,xnjmway3,TRUE,,Hainesport,NJ,8036,US,3 Mary Way,,,,TRUE,FALSE,6/1/25,1
1585,xnjmway5,TRUE,,Hainesport,NJ,8036,US,5 Mary Way,,,,TRUE,FALSE,6/1/25,1
1586,xnjmway7,TRUE,,Hainesport,NJ,8036,US,7 Mary Way,,,,TRUE,FALSE,6/1/25,1
1587,xnjmway9,TRUE,,Hainesport,NJ,8036,US,9 Mary Way,,,,TRUE,FALSE,6/1/25,1
1589,xnjmwayr,TRUE,,Hainesport,NJ,8036,US,1359 Route 38,,,,TRUE,FALSE,6/1/25,1
3671,xoh154co,TRUE,,Loveland,OH,45140,US,154 Commerce Blvd,,,,TRUE,FALSE,6/1/25,1
1786,xoh382c,TRUE,,Cincinnati,OH,45246,US,382 Circle Freeway Drive,,,,TRUE,FALSE,6/1/25,1
1755,xoh8655,TRUE,,Fairfield,OH,45011,US,8655 Seward Road,,,,TRUE,FALSE,6/1/25,1
2724,xohcolu1,TRUE,,Columbus,OH,43219,US,3000 – 3004 E 14th Avenue,,,,TRUE,FALSE,6/1/25,1
2725,xohcolu2,TRUE,,Columbus,OH,43219,US,3045 – 3065 Switzer Avenue,,,,TRUE,FALSE,6/1/25,1
2726,xohcolu3,TRUE,,Columbus,OH,43219,US,3040 – 3050 E 14th Avenue,,,,TRUE,FALSE,6/1/25,1
2727,xohcolu4,TRUE,,Columbus,OH,43219,US,1149 – 1161 Rarig Avenue,,,,TRUE,FALSE,6/1/25,1
1654,xohcomme,TRUE,,"West Chester, Butler County",OH,5246,US,10021 Commerce Park Drive,,,,TRUE,FALSE,6/1/25,1
1383,xohmost,TRUE,,Sharonville,OH,45241,US,12080 Mosteller Road,,,,TRUE,FALSE,6/1/25,1
1756,xpa12111,TRUE,,Bensalem,PA,19020,US,1211 Ford Road,,,,TRUE,FALSE,6/1/25,1
2958,xpa18rai,TRUE,,Royersford,PA,19468,US,18 Railroad Street,,,,TRUE,FALSE,6/1/25,1
1667,xpa1peae,TRUE,,Bristol,PA,19007,US,1 Pearl Buck Court,,,,TRUE,FALSE,6/1/25,1
3641,xpa3041m,TRUE,,Bensalem,PA,19020,US,3041 Marwin Road,,,,TRUE,FALSE,6/1/25,1
1757,xpa327c,FALSE,,Philadelphia,PA,19120,US,327 East Chew Avenue,,,3/31/23,TRUE,FALSE,6/1/25,1
1758,xpa327cr,TRUE,,Philadelphia,PA,19120,US,327 East Chew Avenue R,,,,TRUE,FALSE,6/1/25,1
3304,xpa4200m,TRUE,,Philadelphia,PA,19124,US,4200 Macalester Street,,,,TRUE,FALSE,6/1/25,1
3306,xpa500ma,TRUE,,Fort Washington,PA,19034,US,500 Maryland Avenue,,,,TRUE,FALSE,6/1/25,1
1656,xpastate,FALSE,,Philadelphia,PA,19136,US,8800 State Road,,,12/1/23,TRUE,FALSE,6/1/25,1
1666,xtn187bo,FALSE,,Jackson,TN,38301,US,187 Bobrick Drive,,,10/28/24,TRUE,FALSE,6/1/25,1
1658,xtn225bo,TRUE,,Jackson,TN,38301,US,225 Bobrick Drive,,,,TRUE,FALSE,6/1/25,1
3364,xtn3961o,TRUE,,Memphis,TN,38118,US,3961 Outland Road,,,,TRUE,FALSE,6/1/25,1
1790,xtnawg1,FALSE,,Memphis,TN,38118,US,4641 Burbank Road,,,12/8/23,TRUE,FALSE,6/1/25,1
1791,xtnawg2,FALSE,,Memphis,TN,38118,US,4690 Hungerford Road,,,9/29/23,TRUE,FALSE,6/1/25,1
1372,xtndelp1,TRUE,,Memphis,TN,38118,US,4290 Delp Street,4/12/21,,,TRUE,FALSE,6/1/25,1
2952,xtndelp2,TRUE,,Memphis,TN,38118,US,4319 Delp Street,,,,TRUE,FALSE,6/1/25,1
3622,xtx1050k,TRUE,,Dallas,TX,75220,US,10501 King William Drive,,,,TRUE,FALSE,6/1/25,1
3307,xtx10704,TRUE,,Dallas,TX,75220,US,10704 - 10710 Composite Drive,,,,TRUE,FALSE,6/1/25,1
3201,xtx111pl,TRUE,,Dallas,TX,75238,US,11100 Plano Road,,,,TRUE,FALSE,6/1/25,1
1686,xtx1121,TRUE,,Arlington,TX,76011,US,1121 108th Street,,,,TRUE,FALSE,6/1/25,1
3625,xtx11839,TRUE,,Dallas,TX,75228,US,11839 Shiloh Rd,,,,TRUE,FALSE,6/1/25,1
1896,xtx12150,TRUE,,Dallas,TX,75228,US,12150 Shiloh Road,,,,TRUE,FALSE,6/1/25,1
3389,xtx1709i,FALSE,,Dallas,TX,1709,US,"I-45 Logistics Center, Hutchins",,,5/24/22,TRUE,FALSE,6/1/25,1
3575,xtx1709s,TRUE,,Hutchins,TX,75141,US,I-45 Logistics Center,,,,TRUE,FALSE,6/1/25,1
3624,xtx1721s,TRUE,,Arlington,TX,76010,US,1721 Susan Dr,,,,TRUE,FALSE,6/1/25,1
3204,xtx1919a,TRUE,,Lubbock,TX,79404,US,1919 Avenue E,,,,TRUE,FALSE,6/1/25,1
2988,xtx2125v,TRUE,,Irving,TX,75061,US,2125 Vanco Drive,,,,TRUE,FALSE,6/1/25,1
3621,xtx2445s,TRUE,,Dallas,TX,75228,US,2445 Santa Anna Avenue,,,,TRUE,FALSE,6/1/25,1
2992,xtx2616a,TRUE,,Dallas,TX,75220,US,2616 Andjon Drive,,,,TRUE,FALSE,6/1/25,1
1685,xtx2655,TRUE,,Dallas,TX,75220,US,2655 Freewood Drive,,,,TRUE,FALSE,6/1/25,1
3203,xtx310an,TRUE,,San Antonio,TX,78219,US,3101 Aniol Street,,,,TRUE,FALSE,6/1/25,1
1895,xtx3662m,TRUE,,Garland,TX,75042,US,3662-3670 Miller Park Drive,,,,TRUE,FALSE,6/1/25,1
3579,xtx3857m,TRUE,,Garland,TX,75042,US,3857 Miller Park Drive,,,,TRUE,FALSE,6/1/25,1
1888,xtx4201n,TRUE,,Fort Worth,TX,76137,US,4201 N Beach Street,,,,TRUE,FALSE,6/1/25,1
3629,xtx4666d,TRUE,,Dallas,TX,75236,US,4666 Duncanville Road,,,,TRUE,FALSE,6/1/25,1
3274,xtx4679w,FALSE,,San Antonio,TX,78218,US,4679 Walzem Road,,,3/25/22,TRUE,FALSE,6/1/25,1
3202,xtx467wa,TRUE,,San Antonio,TX,78218,US,4679 Walzem Road,,,,TRUE,FALSE,6/1/25,1
2720,xtx8154b,TRUE,,San Antonio,TX,78266,US,8154 Bracken Creek Drive,,,,TRUE,FALSE,6/1/25,1
1390,xtxball,TRUE,,San Antonio,TX,78217,US,9615 Ball Street,,,,TRUE,FALSE,6/1/25,1
1639,xtxdrysd,FALSE,,Houston,TX,77041,US,9820 Drysdale Lane,,,12/13/23,TRUE,FALSE,6/1/25,1
1598,xtxglen,TRUE,,Dallas,TX,75233,US,3113 Glenfield Avenue,,,,TRUE,FALSE,6/1/25,1
1652,xtxmorto,TRUE,,Dallas,TX,75236,US,4000 Dan Morton Dr,,,,TRUE,FALSE,6/1/25,1
1653,xtxritti,TRUE,,San Antonio,TX,78218,US,4728 Goldfield Drive,,,,TRUE,FALSE,6/1/25,1
1378,xtxwebbl,FALSE,,San Antonio,TX,78218,US,7903 Webbles Dr,,,5/20/24,TRUE,FALSE,6/1/25,1